,Unnamed: 0,STORE_KEY,STORE_NUMBER,ROW_EFFECTIVE_TIMESTAMP,ROW_EXPIRATION_TIMESTAMP,STORE_NAME,STORE_TYPE_CODE,STORE_TYPE_NAME,OPEN_DATE,CLOSE_DATE,CITY_NAME,STATE_CODE,STATE_NAME,COUNTRY_CODE,TIME_ZONE_NAME,DMA_ID,DMA_NAME,STORE_STATUS,REGION_ID,REGION_NAME,PRIOR_STORE_NUMBER,STORE_FUNCTIONAL_STATUS,GLOBAL_REGION_NAME,GLOBAL_REGION_STORE_TYPE_NAME,AREA_REGION,DOOR_DASH_MARKUP_GO_LIVE_DATE,UBER_EATS_MARKUP_DATE,EDW_CREATE_TIMESTAMP,EDW_MODIFY_TIMESTAMP
0,0,1319795,2821,2024-05-21T02:07:19.714Z,2024-05-21T02:07:19.714Z,NY2821,Fran,Franchise,1999-12-31,1999-12-31,SCHENECTADY,NY,New York,USA,Eastern,555.0,SYRACUSE,Future,3.0,North,0.0,Signed Lease,Domestic,DomesticFranchise,ALBANY-SCHENECTADY-TROY,1999-12-31,1999-12-31,2024-05-21T02:07:19.714Z,2024-05-21T02:07:19.714Z
1,1,1319796,2822,2024-05-21T02:07:19.714Z,2024-05-21T02:07:19.714Z,FL2822,Fran,Franchise,1999-12-31,1999-12-31,PALM BAY,FL,Florida,USA,Unknown,561.0,JACKSONVILLE,Future,2.0,Southeast,0.0,Signed Lease,Domestic,DomesticFranchise,JACKSONVILLE,1999-12-31,1999-12-31,2024-05-21T02:07:19.714Z,2024-05-21T02:07:19.714Z
2,2,1318778,2819,2024-05-21T02:07:19.714Z,2024-05-21T02:07:19.714Z,NY2819,Fran,Franchise,1999-12-31,1999-12-31,STATEN ISLAND,NY,New York,USA,Unknown,501.0,NEW YORK,Future,3.0,North,0.0,Signed Lease,Domestic,DomesticFranchise,NEW YORK,1999-12-31,1999-12-31,2024-05-21T02:07:19.714Z,2024-05-21T02:07:19.714Z
3,3,1318779,2820,2024-05-21T02:07:19.714Z,2024-05-21T02:07:19.714Z,OH2820,Fran,Franchise,1999-12-31,1999-12-31,HUBER HEIGHTS,OH,Ohio,USA,Unknown,542.0,DAYTON,Future,3.0,North,0.0,Signed Lease,Domestic,DomesticFranchise,DAYTON,1999-12-31,1999-12-31,2024-05-21T02:07:19.714Z,2024-05-21T02:07:19.714Z
4,4,1318780,2816,2024-05-21T02:07:19.714Z,2024-05-21T02:07:19.714Z,AL2816,Fran,Franchise,1999-12-31,1999-12-31,PELL CITY,AL,Alabama,USA,Unknown,630.0,BIRMINGHAM (ANN AND TUSC),Future,2.0,Southeast,0.0,Signed Lease,Domestic,DomesticFranchise,BIRMINGHAM (ANN AND TUSC),1999-12-31,1999-12-31,2024-05-21T02:07:19.714Z,2024-05-21T02:07:19.714Z
5,5,1319797,2817,2024-05-21T02:07:19.714Z,2024-05-21T02:07:19.714Z,OR2817,Fran,Franchise,1999-12-31,1999-12-31,SALEM,OR,Oregon,USA,Unknown,820.0,"PORTLAND, OR",Future,4.0,West,0.0,Signed Lease,Domestic,DomesticFranchise,"PORTLAND, OR",1999-12-31,1999-12-31,2024-05-21T02:07:19.714Z,2024-05-21T02:07:19.714Z
6,6,1319798,2818,2024-05-21T02:07:19.714Z,2024-05-21T02:07:19.714Z,OR2818,Fran,Franchise,1999-12-31,1999-12-31,PORTLAND,OR,Oregon,USA,Unknown,820.0,"PORTLAND, OR",Future,4.0,West,0.0,Signed Lease,Domestic,DomesticFranchise,"PORTLAND, OR",1999-12-31,1999-12-31,2024-05-21T02:07:19.714Z,2024-05-21T02:07:19.714Z
7,7,1319799,7050,2024-05-21T02:07:19.714Z,2024-05-21T02:07:19.714Z,MN7050,Fran,Franchise,1999-12-31,1999-12-31,MINNEAPOLIS,MN,Minnesota,USA,Unknown,613.0,MINNEAPOLIS-ST. PAUL,Future,3.0,North,0.0,Signed Lease,Domestic,DomesticFranchise,MINNEAPOLIS-ST. PAUL,1999-12-31,1999-12-31,2024-05-21T02:07:19.714Z,2024-05-21T02:07:19.714Z
8,8,1307239,2805,2024-05-18T02:06:56.918Z,2024-05-18T02:06:56.918Z,AL2805,Fran,Franchise,1999-12-31,1999-12-31,MONTGOMERY,AL,Alabama,USA,Unknown,698.0,MONTGOMERY-SELMA,Future,2.0,Southeast,0.0,Signed Lease,Domestic,DomesticFranchise,MONTGOMERY-SELMA,1999-12-31,1999-12-31,2024-05-18T02:06:56.918Z,2024-05-18T02:06:56.918Z
9,9,1308272,2807,2024-05-18T02:06:56.918Z,2024-05-18T02:06:56.918Z,NY2807,Fran,Franchise,1999-12-31,1999-12-31,BRONX,NY,New York,USA,Unknown,501.0,NEW YORK,Future,3.0,North,0.0,Signed Lease,Domestic,DomesticFranchise,NEW YORK,1999-12-31,1999-12-31,2024-05-18T02:06:56.918Z,2024-05-18T02:06:56.918Z
10,10,1308273,2809,2024-05-18T02:06:56.918Z,2024-05-18T02:06:56.918Z,SC2809,Fran,Franchise,1999-12-31,1999-12-31,NORTH MYRTLE BEACH,SC,South Carolina,USA,Unknown,570.0,MYRTLE BEACH-FLORENCE,Future,2.0,Southeast,0.0,Signed Lease,Domestic,DomesticFranchise,MYRTLE BEACH-FLORENCE,1999-12-31,1999-12-31,2024-05-18T02:06:56.918Z,2024-05-18T02:06:56.918Z
11,11,1308274,2806,2024-05-18T02:06:56.918Z,2024-05-18T02:06:56.918Z,TX2806,Fran,Franchise,1999-12-31,1999-12-31,ROSENBURG,TX,Texas,USA,Unknown,618.0,HOUSTON,Future,1.0,Southwest,0.0,Signed Lease,Domestic,DomesticFranchise,HOUSTON,1999-12-31,1999-12-31,2024-05-18T02:06:56.918Z,2024-05-18T02:06:56.918Z
12,12,1308266,2810,2024-05-18T02:06:56.918Z,2024-05-18T02:06:56.918Z,KY2810,Fran,Franchise,1999-12-31,1999-12-31,LEXINGTON,KY,Kentucky,USA,Unknown,541.0,LEXINGTON,Future,2.0,Southeast,0.0,Signed Lease,Domestic,DomesticFranchise,LEXINGTON,1999-12-31,1999-12-31,2024-05-18T02:06:56.918Z,2024-05-18T02:06:56.918Z
13,13,1308267,2815,2024-05-18T02:06:56.918Z,2024-05-18T02:06:56.918Z,IN2815,Fran,Franchise,1999-12-31,1999-12-31,ELKHART,IN,Indiana,USA,Unknown,588.0,SOUTH BEND-ELKHART,Future,3.0,North,0.0,Signed Lease,Domestic,DomesticFranchise,South Bend-Elkhart,1999-12-31,1999-12-31,2024-05-18T02:06:56.918Z,2024-05-18T02:06:56.918Z
14,14,1308268,2813,2024-05-18T02:06:56.918Z,2024-05-18T02:06:56.918Z,OH2813,Fran,Franchise,1999-12-31,1999-12-31,YOUNGSTOWN,OH,Ohio,USA,Eastern,536.0,YOUNGSTOWN,Future,3.0,North,0.0,Signed Lease,Domestic,DomesticFranchise,YOUNGSTOWN,1999-12-31,1999-12-31,2024-05-18T02:06:56.918Z,2024-05-18T02:06:56.918Z
15,15,1308269,2811,2024-05-18T02:06:56.918Z,2024-05-18T02:06:56.918Z,AL2811,Fran,Franchise,1999-12-31,1999-12-31,MONTGOMERY,AL,Alabama,USA,Unknown,698.0,MONTGOMERY-SELMA,Future,2.0,Southeast,0.0,Signed Lease,Domestic,DomesticFranchise,MONTGOMERY-SELMA,1999-12-31,1999-12-31,2024-05-18T02:06:56.918Z,2024-05-18T02:06:56.918Z
16,16,1308270,2814,2024-05-18T02:06:56.918Z,2024-05-18T02:06:56.918Z,IN2814,Fran,Franchise,1999-12-31,1999-12-31,JEFFERSONVILLE,IN,Indiana,USA,Unknown,529.0,LOUISVILLE,Future,2.0,Southeast,0.0,Signed Lease,Domestic,DomesticFranchise,LOUISVILLE,1999-12-31,1999-12-31,2024-05-18T02:06:56.918Z,2024-05-18T02:06:56.918Z
17,17,1308271,2812,2024-05-18T02:06:56.918Z,2024-05-18T02:06:56.918Z,MN2812,Fran,Franchise,1999-12-31,1999-12-31,ST. PAUL,MN,Minnesota,USA,Unknown,613.0,MINNEAPOLIS-ST. PAUL,Future,3.0,North,0.0,Signed Lease,Domestic,DomesticFranchise,MINNEAPOLIS-ST. PAUL,1999-12-31,1999-12-31,2024-05-18T02:06:56.918Z,2024-05-18T02:06:56.918Z
18,18,1295704,2800,2024-05-15T02:07:07.036Z,2024-05-15T02:07:07.036Z,TX2800,Fran,Franchise,1999-12-31,1999-12-31,LAVON,TX,Texas,USA,Unknown,623.0,DALLAS-FT. WORTH,Future,1.0,Southwest,0.0,Signed Lease,Domestic,DomesticFranchise,DALLAS-FT. WORTH,1999-12-31,1999-12-31,2024-05-15T02:07:07.036Z,2024-05-15T02:07:07.036Z
19,19,1295705,2802,2024-05-15T02:07:07.036Z,2024-05-15T02:07:07.036Z,VA2802,Fran,Franchise,1999-12-31,1999-12-31,CULPEPER,VA,Virginia,USA,Unknown,511.0,"WASHINGTON, DC (HAGRSTWN)",Future,2.0,Southeast,0.0,Signed Lease,Domestic,DomesticFranchise,"WASHINGTON, DC (HAGRSTWN)",1999-12-31,1999-12-31,2024-05-15T02:07:07.036Z,2024-05-15T02:07:07.036Z
20,20,1296743,2798,2024-05-15T02:07:07.036Z,2024-05-15T02:07:07.036Z,UT2798,Fran,Franchise,1999-12-31,1999-12-31,WOODS CROSS,UT,Utah,USA,Unknown,770.0,SALT LAKE CITY,Future,4.0,West,0.0,Signed Lease,Domestic,DomesticFranchise,SALT LAKE CITY,1999-12-31,1999-12-31,2024-05-15T02:07:07.036Z,2024-05-15T02:07:07.036Z
21,21,1296744,2801,2024-05-15T02:07:07.036Z,2024-05-15T02:07:07.036Z,GA2801,Fran,Franchise,1999-12-31,1999-12-31,DACULA,GA,Georgia,USA,Unknown,524.0,ATLANTA,Future,2.0,Southeast,0.0,Signed Lease,Domestic,DomesticFranchise,ATLANTA,1999-12-31,1999-12-31,2024-05-15T02:07:07.036Z,2024-05-15T02:07:07.036Z
22,22,1296745,2799,2024-05-15T02:07:07.036Z,2024-05-15T02:07:07.036Z,TX2799,Fran,Franchise,1999-12-31,1999-12-31,ROWLETT,TX,Texas,USA,Unknown,623.0,DALLAS-FT. WORTH,Future,1.0,Southwest,0.0,Signed Lease,Domestic,DomesticFranchise,DALLAS-FT. WORTH,1999-12-31,1999-12-31,2024-05-15T02:07:07.036Z,2024-05-15T02:07:07.036Z
23,23,1296740,2797,2024-05-15T02:07:07.036Z,2024-05-15T02:07:07.036Z,MO2797,Fran,Franchise,1999-12-31,1999-12-31,ST. LOUIS,MO,Missouri,USA,Unknown,609.0,ST. LOUIS,Future,3.0,North,0.0,Signed Lease,Domestic,DomesticFranchise,ST. LOUIS,1999-12-31,1999-12-31,2024-05-15T02:07:07.036Z,2024-05-15T02:07:07.036Z
24,24,1296741,2804,2024-05-15T02:07:07.036Z,2024-05-15T02:07:07.036Z,CA2804,Fran,Franchise,1999-12-31,1999-12-31,PITTSBURG,CA,California,USA,Pacific,807.0,SAN FRANCISCO-OAK-SAN JOSE,Future,4.0,West,0.0,Signed Lease,Domestic,DomesticFranchise,SAN FRANCISCO-OAK-SAN JOSE,1999-12-31,1999-12-31,2024-05-15T02:07:07.036Z,2024-05-15T02:07:07.036Z
25,25,1296742,2803,2024-05-15T02:07:07.036Z,2024-05-15T02:07:07.036Z,OR2803,Fran,Franchise,1999-12-31,1999-12-31,OAK GROVE,OR,Oregon,USA,Unknown,820.0,"PORTLAND, OR",Future,4.0,West,0.0,Signed Lease,Domestic,DomesticFranchise,"PORTLAND, OR",1999-12-31,1999-12-31,2024-05-15T02:07:07.036Z,2024-05-15T02:07:07.036Z
26,26,1281378,2794,2024-05-11T02:06:58.810Z,2024-05-11T02:06:58.810Z,NC2794,Fran,Franchise,1999-12-31,1999-12-31,SOUTHERN PINES,NC,North Carolina,USA,Unknown,560.0,RALEIGH-DURHAM (FAYETVLLE),Future,2.0,Southeast,0.0,Signed Lease,Domestic,DomesticFranchise,RALEIGH-DURHAM (FAYETVLLE),1999-12-31,1999-12-31,2024-05-11T02:06:58.810Z,2024-05-11T02:06:58.810Z
27,27,1281379,2796,2024-05-11T02:06:58.810Z,2024-05-11T02:06:58.810Z,MO2796,Fran,Franchise,1999-12-31,1999-12-31,ST. LOUIS,MO,Missouri,USA,Unknown,609.0,ST. LOUIS,Future,3.0,North,0.0,Signed Lease,Domestic,DomesticFranchise,ST. LOUIS,1999-12-31,1999-12-31,2024-05-11T02:06:58.810Z,2024-05-11T02:06:58.810Z
28,28,1281377,2795,2024-05-11T02:06:58.810Z,2024-05-11T02:06:58.810Z,VA2795,Fran,Franchise,1999-12-31,1999-12-31,LORTON,VA,Virginia,USA,Unknown,511.0,"WASHINGTON, DC (HAGRSTWN)",Future,2.0,Southeast,0.0,Signed Lease,Domestic,DomesticFranchise,"WASHINGTON, DC (HAGRSTWN)",1999-12-31,1999-12-31,2024-05-11T02:06:58.810Z,2024-05-11T02:06:58.810Z
29,29,1245771,7003,2024-05-02T02:07:13.893Z,2024-05-02T02:07:13.893Z,NY7003,Corp,Corporate,1999-12-31,1999-12-31,NEW YORK,NY,New York,USA,Eastern,501.0,NEW YORK,Future,3.0,North,0.0,Signed Lease,Domestic,DomesticCorporate,NEW YORK,1999-12-31,1999-12-31,2024-05-02T02:07:13.893Z,2024-05-02T02:07:13.893Z
30,30,1246814,925,2024-05-02T02:07:13.893Z,2024-05-02T02:07:13.893Z,TX925,Corp,Corporate,1999-12-31,1999-12-31,FORNEY,TX,Texas,USA,Unknown,623.0,DALLAS-FT. WORTH,Future,1.0,Southwest,0.0,Signed Lease,Domestic,DomesticCorporate,DALLAS-FT. WORTH,1999-12-31,1999-12-31,2024-05-02T02:07:13.893Z,2024-05-02T02:07:13.893Z
31,31,1246815,924,2024-05-02T02:07:13.893Z,2024-05-02T02:07:13.893Z,NV924,Corp,Corporate,1999-12-31,1999-12-31,LAS VEGAS,NV,Nevada,USA,Unknown,839.0,LAS VEGAS,Future,4.0,West,0.0,Signed Lease,Domestic,DomesticCorporate,LAS VEGAS,1999-12-31,1999-12-31,2024-05-02T02:07:13.893Z,2024-05-02T02:07:13.893Z
32,32,1239130,2790,2024-04-30T02:06:44.345Z,2024-04-30T02:06:44.345Z,IN2790,Fran,Franchise,1999-12-31,1999-12-31,CHESTERTON,IN,Indiana,USA,Unknown,602.0,CHICAGO,Future,3.0,North,0.0,Signed Lease,Domestic,DomesticFranchise,CHICAGO,1999-12-31,1999-12-31,2024-04-30T02:06:44.345Z,2024-04-30T02:06:44.345Z
33,33,1239131,2785,2024-04-30T02:06:44.345Z,2024-04-30T02:06:44.345Z,PA2785,Fran,Franchise,1999-12-31,1999-12-31,NEW KENSINGTON,PA,Pennsylvania,USA,Unknown,508.0,PITTSBURGH,Future,3.0,North,0.0,Signed Lease,Domestic,DomesticFranchise,PITTSBURGH,1999-12-31,1999-12-31,2024-04-30T02:06:44.345Z,2024-04-30T02:06:44.345Z
34,34,1238072,2784,2024-04-30T02:06:44.345Z,2024-04-30T02:06:44.345Z,CA2784,Fran,Franchise,1999-12-31,1999-12-31,PASO ROBLES,CA,California,USA,Pacific,855.0,SANTABARBRA-SANMAR-SANLUOB,Future,4.0,West,0.0,Signed Lease,Domestic,DomesticFranchise,SANTABARBRA-SANMAR-SANLUOB,1999-12-31,1999-12-31,2024-04-30T02:06:44.345Z,2024-04-30T02:06:44.345Z
35,35,1238073,2792,2024-04-30T02:06:44.345Z,2024-04-30T02:06:44.345Z,UT2792,Fran,Franchise,1999-12-31,1999-12-31,MILLCREEK,UT,Utah,USA,Unknown,770.0,SALT LAKE CITY,Future,4.0,West,0.0,Signed Lease,Domestic,DomesticFranchise,SALT LAKE CITY,1999-12-31,1999-12-31,2024-04-30T02:06:44.345Z,2024-04-30T02:06:44.345Z
36,36,1239132,2786,2024-04-30T02:06:44.345Z,2024-04-30T02:06:44.345Z,NY2786,Fran,Franchise,1999-12-31,1999-12-31,NEW YORK,NY,New York,USA,Unknown,501.0,NEW YORK,Future,3.0,North,0.0,Signed Lease,Domestic,DomesticFranchise,NEW YORK,1999-12-31,1999-12-31,2024-04-30T02:06:44.345Z,2024-04-30T02:06:44.345Z
37,37,1239133,2788,2024-04-30T02:06:44.345Z,2024-04-30T02:06:44.345Z,NY2788,Fran,Franchise,1999-12-31,1999-12-31,RAHWAY,NY,New York,USA,Unknown,501.0,NEW YORK,Future,3.0,North,0.0,Signed Lease,Domestic,DomesticFranchise,NEW YORK,1999-12-31,1999-12-31,2024-04-30T02:06:44.345Z,2024-04-30T02:06:44.345Z
38,38,1239126,2787,2024-04-30T02:06:44.345Z,2024-04-30T02:06:44.345Z,OH2787,Fran,Franchise,1999-12-31,1999-12-31,ASHLAND,OH,Ohio,USA,Unknown,510.0,CLEVELAND-AKRON (CANTON),Future,3.0,North,0.0,Signed Lease,Domestic,DomesticFranchise,CLEVELAND-AKRON (CANTON),1999-12-31,1999-12-31,2024-04-30T02:06:44.345Z,2024-04-30T02:06:44.345Z
39,39,1239128,2789,2024-04-30T02:06:44.345Z,2024-04-30T02:06:44.345Z,KY2789,Fran,Franchise,1999-12-31,1999-12-31,ELIZABETHTOWN,KY,Kentucky,USA,Unknown,529.0,LOUISVILLE,Future,2.0,Southeast,0.0,Signed Lease,Domestic,DomesticFranchise,LOUISVILLE,1999-12-31,1999-12-31,2024-04-30T02:06:44.345Z,2024-04-30T02:06:44.345Z
40,40,1193041,2771,2024-04-18T02:06:50.853Z,2024-04-18T02:06:50.853Z,TN2771,Fran,Franchise,1999-12-31,1999-12-31,SPRINGFIELD,TN,Tennessee,USA,Unknown,659.0,NASHVILLE,Future,2.0,Southeast,0.0,Signed Lease,Domestic,DomesticFranchise,NASHVILLE,1999-12-31,1999-12-31,2024-04-18T02:06:50.853Z,2024-04-18T02:06:50.853Z
41,41,1193035,2778,2024-04-18T02:06:50.853Z,2024-04-18T02:06:50.853Z,GA2778,Fran,Franchise,1999-12-31,1999-12-31,FLOWERY BRANCH,GA,Georgia,USA,Unknown,524.0,ATLANTA,Future,2.0,Southeast,0.0,Signed Lease,Domestic,DomesticFranchise,ATLANTA,1999-12-31,1999-12-31,2024-04-18T02:06:50.853Z,2024-04-18T02:06:50.853Z
42,42,1193036,2773,2024-04-18T02:06:50.853Z,2024-04-18T02:06:50.853Z,OH2773,Fran,Franchise,1999-12-31,1999-12-31,AMELIA,OH,Ohio,USA,Unknown,515.0,CINCINNATI,Future,3.0,North,0.0,Signed Lease,Domestic,DomesticFranchise,CINCINNATI,1999-12-31,1999-12-31,2024-04-18T02:06:50.853Z,2024-04-18T02:06:50.853Z
43,43,1193038,2775,2024-04-18T02:06:50.853Z,2024-04-18T02:06:50.853Z,AZ2775,Fran,Franchise,1999-12-31,1999-12-31,PHOENIX,AZ,Arizona,USA,Unknown,753.0,PHOENIX (PRESCOTT),Future,1.0,Southwest,0.0,Signed Lease,Domestic,DomesticFranchise,PHOENIX (PRESCOTT),1999-12-31,1999-12-31,2024-04-18T02:06:50.853Z,2024-04-18T02:06:50.853Z
44,44,1193040,2776,2024-04-18T02:06:50.853Z,2024-04-18T02:06:50.853Z,NC2776,Fran,Franchise,1999-12-31,1999-12-31,HIGH POINT,NC,North Carolina,USA,Unknown,518.0,GREENSBORO-H.POINT-W.SALEM,Future,2.0,Southeast,0.0,Signed Lease,Domestic,DomesticFranchise,GREENSBORO-H.POINT-W.SALEM,1999-12-31,1999-12-31,2024-04-18T02:06:50.853Z,2024-04-18T02:06:50.853Z
45,45,1191966,2777,2024-04-18T02:06:50.853Z,2024-04-18T02:06:50.853Z,VA2777,Fran,Franchise,1999-12-31,1999-12-31,BRISTOW,VA,Virginia,USA,Unknown,511.0,"WASHINGTON, DC (HAGRSTWN)",Future,2.0,Southeast,0.0,Signed Lease,Domestic,DomesticFranchise,"WASHINGTON, DC (HAGRSTWN)",1999-12-31,1999-12-31,2024-04-18T02:06:50.853Z,2024-04-18T02:06:50.853Z
46,46,1191967,2780,2024-04-18T02:06:50.853Z,2024-04-18T02:06:50.853Z,MO2780,Fran,Franchise,1999-12-31,1999-12-31,MANCHESTER,MO,Missouri,USA,Unknown,609.0,ST. LOUIS,Future,3.0,North,0.0,Signed Lease,Domestic,DomesticFranchise,ST. LOUIS,1999-12-31,1999-12-31,2024-04-18T02:06:50.853Z,2024-04-18T02:06:50.853Z
47,47,1193042,2772,2024-04-18T02:06:50.853Z,2024-04-18T02:06:50.853Z,MD2772,Fran,Franchise,1999-12-31,1999-12-31,FREDERICK,MD,Maryland,USA,Unknown,511.0,"WASHINGTON, DC (HAGRSTWN)",Future,2.0,Southeast,0.0,Signed Lease,Domestic,DomesticFranchise,"WASHINGTON, DC (HAGRSTWN)",1999-12-31,1999-12-31,2024-04-18T02:06:50.853Z,2024-04-18T02:06:50.853Z
48,48,1162312,2764,2024-04-10T02:06:53.683Z,2024-04-10T02:06:53.683Z,OK2764,Fran,Franchise,1999-12-31,1999-12-31,DURANT,OK,Oklahoma,USA,Central,657.0,SHERMAN-ADA,Future,1.0,Southwest,0.0,Signed Lease,Domestic,DomesticFranchise,SHERMAN-ADA,1999-12-31,1999-12-31,2024-04-10T02:06:53.683Z,2024-04-10T02:06:53.683Z
49,49,1162313,2765,2024-04-10T02:06:53.683Z,2024-04-10T02:06:53.683Z,OK2765,Fran,Franchise,1999-12-31,1999-12-31,OKLAHOMA CITY,OK,Oklahoma,USA,Central,650.0,OKLAHOMA CITY,Future,1.0,Southwest,0.0,Signed Lease,Domestic,DomesticFranchise,OKLAHOMA CITY,1999-12-31,1999-12-31,2024-04-10T02:06:53.683Z,2024-04-10T02:06:53.683Z
50,50,1162314,2767,2024-04-10T02:06:53.683Z,2024-04-10T02:06:53.683Z,PA2767,Fran,Franchise,1999-12-31,1999-12-31,EAST STROUDSBURG,PA,Pennsylvania,USA,Unknown,504.0,PHILADELPHIA,Future,3.0,North,0.0,Signed Lease,Domestic,DomesticFranchise,WILKES BARRE-SCRANTON-HZTN,1999-12-31,1999-12-31,2024-04-10T02:06:53.683Z,2024-04-10T02:06:53.683Z
51,51,1162311,2766,2024-04-10T02:06:53.683Z,2024-04-10T02:06:53.683Z,FL2766,Fran,Franchise,1999-12-31,1999-12-31,MIAMI,FL,Florida,USA,Eastern,548.0,WEST PALM BEACH-FT. PIERCE,Future,2.0,Southeast,0.0,Signed Lease,Domestic,DomesticFranchise,MIAMI-FT. LAUDERDALE,1999-12-31,1999-12-31,2024-04-10T02:06:53.683Z,2024-04-10T02:06:53.683Z
52,52,1161233,2768,2024-04-10T02:06:53.683Z,2024-04-10T02:06:53.683Z,MN2768,Fran,Franchise,1999-12-31,1999-12-31,BROOKLYN PARK,MN,Minnesota,USA,Unknown,613.0,MINNEAPOLIS-ST. PAUL,Future,3.0,North,0.0,Signed Lease,Domestic,DomesticFranchise,MINNEAPOLIS-ST. PAUL,1999-12-31,1999-12-31,2024-04-10T02:06:53.683Z,2024-04-10T02:06:53.683Z
53,53,1162309,2770,2024-04-10T02:06:53.683Z,2024-04-10T02:06:53.683Z,TN2770,Fran,Franchise,1999-12-31,1999-12-31,HIXSON,TN,Tennessee,USA,Unknown,575.0,CHATTANOOGA,Future,2.0,Southeast,0.0,Signed Lease,Domestic,DomesticFranchise,CHATTANOOGA,1999-12-31,1999-12-31,2024-04-10T02:06:53.683Z,2024-04-10T02:06:53.683Z
54,54,1131584,2758,2024-04-02T02:06:50.554Z,2024-04-02T02:06:50.554Z,OH2758,Fran,Franchise,1999-12-31,1999-12-31,CINCINNATI,OH,Ohio,USA,Unknown,515.0,CINCINNATI,Future,3.0,North,0.0,Signed Lease,Domestic,DomesticFranchise,CINCINNATI,1999-12-31,1999-12-31,2024-04-02T02:06:50.554Z,2024-04-02T02:06:50.554Z
55,55,1131585,2757,2024-04-02T02:06:50.554Z,2024-04-02T02:06:50.554Z,GA2757,Fran,Franchise,1999-12-31,1999-12-31,LOCUST GROVE,GA,Georgia,USA,Unknown,524.0,ATLANTA,Future,2.0,Southeast,0.0,Signed Lease,Domestic,DomesticFranchise,ATLANTA,1999-12-31,1999-12-31,2024-04-02T02:06:50.554Z,2024-04-02T02:06:50.554Z
56,56,1131583,2759,2024-04-02T02:06:50.554Z,2024-04-02T02:06:50.554Z,AZ2759,Fran,Franchise,1999-12-31,1999-12-31,TEMPE,AZ,Arizona,USA,Unknown,753.0,PHOENIX (PRESCOTT),Future,1.0,Southwest,0.0,Signed Lease,Domestic,DomesticFranchise,PHOENIX (PRESCOTT),1999-12-31,1999-12-31,2024-04-02T02:06:50.554Z,2024-04-02T02:06:50.554Z
57,57,1108541,2751,2024-03-27T02:07:00.461Z,2024-03-27T02:07:00.461Z,CA2751,Fran,Franchise,1999-12-31,1999-12-31,COACHELLA,CA,California,USA,Pacific,804.0,PALM SPRINGS,Future,4.0,West,0.0,Signed Lease,Domestic,DomesticFranchise,PALM SPRINGS,1999-12-31,1999-12-31,2024-03-27T02:07:00.461Z,2024-03-27T02:07:00.461Z
58,58,1108536,2755,2024-03-27T02:07:00.461Z,2024-03-27T02:07:00.461Z,FL2755,Fran,Franchise,1999-12-31,1999-12-31,ORLANDO,FL,Florida,USA,Unknown,534.0,ORLANDO-DAYTONA BCH-MELBRN,Future,2.0,Southeast,0.0,Signed Lease,Domestic,DomesticFranchise,ORLANDO-DAYTONA BCH-MELBRN,1999-12-31,1999-12-31,2024-03-27T02:07:00.461Z,2024-03-27T02:07:00.461Z
59,59,1108537,2750,2024-03-27T02:07:00.461Z,2024-03-27T02:07:00.461Z,FL2750,Fran,Franchise,1999-12-31,1999-12-31,NAPLES,FL,Florida,USA,Eastern,571.0,FT. MYERS-NAPLES,Future,2.0,Southeast,0.0,Signed Lease,Domestic,DomesticFranchise,FT. MYERS-NAPLES,1999-12-31,1999-12-31,2024-03-27T02:07:00.461Z,2024-03-27T02:07:00.461Z
60,60,1108539,2754,2024-03-27T02:07:00.461Z,2024-03-27T02:07:00.461Z,MI2754,Fran,Franchise,1999-12-31,1999-12-31,GRAND BLANC,MI,Michigan,USA,Unknown,513.0,FLINT-SAGINAW-BAY CITY,Future,3.0,North,0.0,Signed Lease,Domestic,DomesticFranchise,FLINT-SAGINAW-BAY CITY,1999-12-31,1999-12-31,2024-03-27T02:07:00.461Z,2024-03-27T02:07:00.461Z
61,61,1092075,2743,2024-03-23T02:06:59.403Z,2024-03-23T02:06:59.403Z,OH2743,Fran,Franchise,1999-12-31,1999-12-31,CINCINNATI,OH,Ohio,USA,Unknown,515.0,CINCINNATI,Future,3.0,North,0.0,Signed Lease,Domestic,DomesticFranchise,CINCINNATI,1999-12-31,1999-12-31,2024-03-23T02:06:59.403Z,2024-03-23T02:06:59.403Z
62,62,1034459,2741,2024-03-08T02:07:13.910Z,2024-03-08T02:07:13.910Z,NC2741,Fran,Franchise,1999-12-31,1999-12-31,SANFORD,NC,North Carolina,USA,Unknown,560.0,RALEIGH-DURHAM (FAYETVLLE),Future,2.0,Southeast,0.0,Signed Lease,Domestic,DomesticFranchise,RALEIGH-DURHAM (FAYETVLLE),1999-12-31,1999-12-31,2024-03-08T02:07:13.910Z,2024-03-08T02:07:13.910Z
63,63,1035566,2736,2024-03-08T02:07:13.910Z,2024-03-08T02:07:13.910Z,UT2736,Fran,Franchise,1999-12-31,1999-12-31,WEST VALLEY CITY,UT,Utah,USA,Unknown,770.0,SALT LAKE CITY,Future,4.0,West,0.0,Signed Lease,Domestic,DomesticFranchise,SALT LAKE CITY,1999-12-31,1999-12-31,2024-03-08T02:07:13.910Z,2024-03-08T02:07:13.910Z
64,64,1035567,2737,2024-03-08T02:07:13.910Z,2024-03-08T02:07:13.910Z,CT2737,Fran,Franchise,1999-12-31,1999-12-31,BRISTOL,CT,Connecticut,USA,Unknown,533.0,HARTFORD & NEW HAVEN,Future,3.0,North,0.0,Signed Lease,Domestic,DomesticFranchise,HARTFORD & NEW HAVEN,1999-12-31,1999-12-31,2024-03-08T02:07:13.910Z,2024-03-08T02:07:13.910Z
65,65,1035569,2739,2024-03-08T02:07:13.910Z,2024-03-08T02:07:13.910Z,CA2739,Fran,Franchise,1999-12-31,1999-12-31,SAN PABLO,CA,California,USA,Unknown,807.0,SAN FRANCISCO-OAK-SAN JOSE,Future,4.0,West,0.0,Signed Lease,Domestic,DomesticFranchise,SAN FRANCISCO-OAK-SAN JOSE,1999-12-31,1999-12-31,2024-03-08T02:07:13.910Z,2024-03-08T02:07:13.910Z
66,66,1004843,2728,2024-02-29T02:06:53.406Z,2024-02-29T02:06:53.406Z,AZ2728,Fran,Franchise,1999-12-31,1999-12-31,ANTHEM,AZ,Arizona,USA,Unknown,753.0,PHOENIX (PRESCOTT),Future,1.0,Southwest,0.0,Signed Lease,Domestic,DomesticFranchise,PHOENIX (PRESCOTT),1999-12-31,1999-12-31,2024-02-29T02:06:53.406Z,2024-02-29T02:06:53.406Z
67,67,1003726,2729,2024-02-29T02:06:53.406Z,2024-02-29T02:06:53.406Z,NJ2729,Fran,Franchise,1999-12-31,1999-12-31,TOTOWA,NJ,New Jersey,USA,Unknown,501.0,NEW YORK,Future,3.0,North,0.0,Signed Lease,Domestic,DomesticFranchise,NEW YORK,1999-12-31,1999-12-31,2024-02-29T02:06:53.406Z,2024-02-29T02:06:53.406Z
68,68,974106,2719,2024-02-21T02:06:55.657Z,2024-02-21T02:06:55.657Z,NC2719,Fran,Franchise,1999-12-31,1999-12-31,FAYETTEVILLE,NC,North Carolina,USA,Unknown,560.0,RALEIGH-DURHAM (FAYETVLLE),Future,2.0,Southeast,0.0,Signed Lease,Domestic,DomesticFranchise,RALEIGH-DURHAM (FAYETVLLE),1999-12-31,1999-12-31,2024-02-21T02:06:55.657Z,2024-02-21T02:06:55.657Z
69,69,972968,2710,2024-02-21T02:06:55.657Z,2024-02-21T02:06:55.657Z,CO2710,Fran,Franchise,1999-12-31,1999-12-31,GRAND JUNCTION,CO,Colorado,USA,Unknown,773.0,GRAND JUNCTION-MONTROSE,Future,4.0,West,0.0,Signed Lease,Domestic,DomesticFranchise,GRAND JUNCTION-MONTROSE,1999-12-31,1999-12-31,2024-02-21T02:06:55.657Z,2024-02-21T02:06:55.657Z
70,70,974110,2712,2024-02-21T02:06:55.657Z,2024-02-21T02:06:55.657Z,FL2712,Fran,Franchise,1999-12-31,1999-12-31,KISSIMMEE,FL,Florida,USA,Unknown,534.0,ORLANDO-DAYTONA BCH-MELBRN,Future,2.0,Southeast,0.0,Signed Lease,Domestic,DomesticFranchise,ORLANDO-DAYTONA BCH-MELBRN,1999-12-31,1999-12-31,2024-02-21T02:06:55.657Z,2024-02-21T02:06:55.657Z
71,71,954895,2690,2024-02-16T02:06:48.193Z,2024-02-16T02:06:48.193Z,NY2690,Fran,Franchise,1999-12-31,1999-12-31,NEW YORK,NY,New York,USA,Eastern,501.0,NEW YORK,Future,3.0,North,0.0,Signed Lease,Domestic,DomesticFranchise,NEW YORK,1999-12-31,1999-12-31,2024-02-16T02:06:48.193Z,2024-02-16T02:06:48.193Z
72,72,954898,2695,2024-02-16T02:06:48.193Z,2024-02-16T02:06:48.193Z,MN2695,Fran,Franchise,1999-12-31,1999-12-31,ROGERS,MN,Minnesota,USA,Unknown,613.0,MINNEAPOLIS-ST. PAUL,Future,3.0,North,0.0,Signed Lease,Domestic,DomesticFranchise,MINNEAPOLIS-ST. PAUL,1999-12-31,1999-12-31,2024-02-16T02:06:48.193Z,2024-02-16T02:06:48.193Z
73,73,949901,2688,2024-02-15T02:08:01.818Z,2024-02-15T02:08:01.818Z,TN2688,Fran,Franchise,1999-12-31,1999-12-31,CLARKSVILLE,TN,Tennessee,USA,Unknown,659.0,NASHVILLE,Future,2.0,Southeast,0.0,Signed Lease,Domestic,DomesticFranchise,NASHVILLE,1999-12-31,1999-12-31,2024-02-15T02:08:01.818Z,2024-02-15T02:08:01.818Z
74,74,951052,2687,2024-02-15T02:08:01.818Z,2024-02-15T02:08:01.818Z,NM2687,Fran,Franchise,1999-12-31,1999-12-31,GALLUP,NM,New Mexico,USA,Central,790.0,ALBUQUERQUE-SANTA FE,Future,1.0,Southwest,0.0,Signed Lease,Domestic,DomesticFranchise,ALBUQUERQUE-SANTA FE,1999-12-31,1999-12-31,2024-02-15T02:08:01.818Z,2024-02-15T02:08:01.818Z
75,75,843517,2673,2024-01-19T02:06:46.175Z,2024-01-19T02:06:46.175Z,NJ2673,Fran,Franchise,1999-12-31,1999-12-31,GLASSBORO,NJ,New Jersey,USA,Unknown,504.0,PHILADELPHIA,Future,3.0,North,0.0,Signed Lease,Domestic,DomesticFranchise,PHILADELPHIA,1999-12-31,1999-12-31,2024-01-19T02:06:46.175Z,2024-01-19T02:06:46.175Z
76,76,710294,2634,2023-12-21T02:07:01.736Z,2023-12-21T02:07:01.736Z,NY2634,Fran,Franchise,1999-12-31,1999-12-31,TROY,NY,New York,USA,Eastern,555.0,SYRACUSE,Future,3.0,North,0.0,Signed Lease,Domestic,DomesticFranchise,ALBANY-SCHENECTADY-TROY,1999-12-31,1999-12-31,2023-12-15T02:07:09.152Z,2023-12-21T02:07:01.736Z
77,77,545190,2600,2023-12-21T02:07:01.736Z,2023-12-21T02:07:01.736Z,AZ2600,Fran,Franchise,1999-12-31,1999-12-31,AVONDALE,AZ,Arizona,USA,Unknown,753.0,PHOENIX (PRESCOTT),Future,1.0,Southwest,0.0,Signed Lease,Domestic,DomesticFranchise,PHOENIX (PRESCOTT),1999-12-31,1999-12-31,2023-11-04T02:06:40.524Z,2023-12-21T02:07:01.736Z
78,78,464544,2569,2023-12-21T02:07:01.736Z,2023-12-21T02:07:01.736Z,CA2569,Fran,Franchise,1999-12-31,1999-12-31,EUREKA,CA,California,USA,Pacific,802.0,EUREKA,Future,4.0,West,0.0,Signed Lease,Domestic,DomesticFranchise,EUREKA,1999-12-31,1999-12-31,2023-10-12T02:06:52.808Z,2023-12-21T02:07:01.736Z
79,79,310878,2535,2023-12-21T02:07:01.736Z,2023-12-21T02:07:01.736Z,CA2535,Fran,Franchise,1999-12-31,1999-12-31,JURUPA VALLEY,CA,California,USA,Unknown,803.0,LOS ANGELES,Future,4.0,West,0.0,Signed Lease,Domestic,DomesticFranchise,LOS ANGELES,1999-12-31,1999-12-31,2023-09-02T02:02:41.926Z,2023-12-21T02:07:01.736Z
80,80,77911,2494,2023-12-21T02:07:01.736Z,2023-12-21T02:07:01.736Z,NJ2494,Fran,Franchise,1999-12-31,1999-12-31,EAST ORANGE,NJ,New Jersey,USA,Unknown,501.0,NEW YORK,Future,3.0,North,0.0,Signed Lease,Domestic,DomesticFranchise,NEW YORK,1999-12-31,1999-12-31,2023-07-03T02:02:57.191Z,2023-12-21T02:07:01.736Z
81,81,710295,2628,2023-12-21T02:07:01.736Z,2023-12-21T02:07:01.736Z,FL2628,Fran,Franchise,1999-12-31,1999-12-31,MIAMI,FL,Florida,USA,Eastern,548.0,WEST PALM BEACH-FT. PIERCE,Future,2.0,Southeast,0.0,Signed Lease,Domestic,DomesticFranchise,MIAMI-FT. LAUDERDALE,1999-12-31,1999-12-31,2023-12-15T02:07:09.152Z,2023-12-21T02:07:01.736Z
82,82,803050,2649,2024-01-18T02:07:30.585Z,2024-01-18T02:07:30.585Z,NY2649,Fran,Franchise,1999-12-31,1999-12-31,COMMACK,NY,New York,USA,Unknown,501.0,NEW YORK,Future,3.0,North,0.0,Signed Lease,Domestic,DomesticFranchise,NEW YORK,1999-12-31,1999-12-31,2024-01-09T02:17:23.309Z,2024-01-18T02:07:30.585Z
83,83,710302,2639,2024-01-18T02:07:30.585Z,2024-01-18T02:07:30.585Z,MO2639,Fran,Franchise,1999-12-31,1999-12-31,INDEPENDENCE,MO,Missouri,USA,Unknown,616.0,KANSAS CITY,Future,1.0,Southwest,0.0,Signed Lease,Domestic,DomesticFranchise,KANSAS CITY,1999-12-31,1999-12-31,2023-12-15T02:07:09.152Z,2024-01-18T02:07:30.585Z
84,84,710297,2638,2024-01-18T02:07:30.585Z,2024-01-18T02:07:30.585Z,AZ2638,Fran,Franchise,1999-12-31,1999-12-31,GLENDALE,AZ,Arizona,USA,Unknown,753.0,PHOENIX (PRESCOTT),Future,1.0,Southwest,0.0,Signed Lease,Domestic,DomesticFranchise,PHOENIX (PRESCOTT),1999-12-31,1999-12-31,2023-12-15T02:07:09.152Z,2024-01-18T02:07:30.585Z
85,85,359553,2554,2024-01-18T02:07:30.585Z,2024-01-18T02:07:30.585Z,TX2554,Fran,Franchise,1999-12-31,1999-12-31,AUSTIN,TX,Texas,USA,Unknown,635.0,AUSTIN,Future,1.0,Southwest,0.0,Signed Lease,Domestic,DomesticFranchise,AUSTIN,1999-12-31,1999-12-31,2023-09-15T02:06:49.120Z,2024-01-18T02:07:30.585Z
86,86,360850,2553,2024-01-20T02:06:52.123Z,2024-01-20T02:06:52.123Z,AZ2553,Fran,Franchise,1999-12-31,1999-12-31,GLENDALE,AZ,Arizona,USA,Unknown,753.0,PHOENIX (PRESCOTT),Future,1.0,Southwest,0.0,Signed Lease,Domestic,DomesticFranchise,PHOENIX (PRESCOTT),1999-12-31,1999-12-31,2023-09-15T02:06:49.120Z,2024-01-20T02:06:52.123Z
193,193,972969,2718,2024-03-01T02:07:02.437Z,2024-03-01T02:07:02.437Z,NC2718,Fran,Franchise,1999-12-31,1999-12-31,GARNER,NC,North Carolina,USA,Eastern,560.0,RALEIGH-DURHAM (FAYETVLLE),Future,2.0,Southeast,0.0,Signed Lease,Domestic,DomesticFranchise,RALEIGH-DURHAM (FAYETVLLE),1999-12-31,1999-12-31,2024-02-21T02:06:55.657Z,2024-03-01T02:07:02.437Z
194,194,101313,2314,2024-03-01T02:07:02.437Z,2024-03-01T02:07:02.437Z,IL2314,Fran,Franchise,1999-12-31,1999-12-31,BELVIDERE,IL,Illinois,USA,Unknown,610.0,ROCKFORD,Future,3.0,North,0.0,Signed Lease,Domestic,DomesticFranchise,ROCKFORD,1999-12-31,1999-12-31,2023-07-09T02:02:29.650Z,2024-03-01T02:07:02.437Z
195,195,1003725,2731,2024-03-06T02:07:01.474Z,2024-03-06T02:07:01.474Z,CA2731,Fran,Franchise,1999-12-31,1999-12-31,BRENTWOOD,CA,California,USA,Pacific,807.0,SAN FRANCISCO-OAK-SAN JOSE,Future,4.0,West,0.0,Signed Lease,Domestic,DomesticFranchise,SAN FRANCISCO-OAK-SAN JOSE,1999-12-31,1999-12-31,2024-02-29T02:06:53.406Z,2024-03-06T02:07:01.474Z
196,196,974108,2716,2024-03-06T02:07:01.474Z,2024-03-06T02:07:01.474Z,AL2716,Fran,Franchise,1999-12-31,1999-12-31,DOTHAN,AL,Alabama,USA,Unknown,698.0,MONTGOMERY-SELMA,Future,2.0,Southeast,0.0,Signed Lease,Domestic,DomesticFranchise,DOTHAN,1999-12-31,1999-12-31,2024-02-21T02:06:55.657Z,2024-03-06T02:07:01.474Z
197,197,974109,2715,2024-03-06T02:07:01.474Z,2024-03-06T02:07:01.474Z,IL2715,Fran,Franchise,1999-12-31,1999-12-31,LA GRANGE,IL,Illinois,USA,Unknown,602.0,CHICAGO,Future,3.0,North,0.0,Signed Lease,Domestic,DomesticFranchise,CHICAGO,1999-12-31,1999-12-31,2024-02-21T02:06:55.657Z,2024-03-06T02:07:01.474Z
198,198,974111,2713,2024-03-06T02:07:01.474Z,2024-03-06T02:07:01.474Z,KY2713,Fran,Franchise,1999-12-31,1999-12-31,LOUISVILLE,KY,Kentucky,USA,Unknown,529.0,LOUISVILLE,Future,2.0,Southeast,0.0,Signed Lease,Domestic,DomesticFranchise,LOUISVILLE,1999-12-31,1999-12-31,2024-02-21T02:06:55.657Z,2024-03-06T02:07:01.474Z
199,199,974114,2720,2024-03-06T02:07:01.474Z,2024-03-06T02:07:01.474Z,TN2720,Fran,Franchise,1999-12-31,1999-12-31,CLEVELAND,TN,Tennessee,USA,Unknown,524.0,ATLANTA,Future,2.0,Southeast,0.0,Signed Lease,Domestic,DomesticFranchise,CHATTANOOGA,1999-12-31,1999-12-31,2024-02-21T02:06:55.657Z,2024-03-06T02:07:01.474Z
200,200,974103,2714,2024-03-06T02:07:01.474Z,2024-03-06T02:07:01.474Z,KY2714,Fran,Franchise,1999-12-31,1999-12-31,LOUISVILLE,KY,Kentucky,USA,Unknown,529.0,LOUISVILLE,Future,2.0,Southeast,0.0,Signed Lease,Domestic,DomesticFranchise,LOUISVILLE,1999-12-31,1999-12-31,2024-02-21T02:06:55.657Z,2024-03-06T02:07:01.474Z
201,201,954900,2691,2024-03-06T02:07:01.474Z,2024-03-06T02:07:01.474Z,TN2691,Fran,Franchise,1999-12-31,1999-12-31,KNOXVILLE,TN,Tennessee,USA,Unknown,557.0,KNOXVILLE,Future,2.0,Southeast,0.0,Signed Lease,Domestic,DomesticFranchise,KNOXVILLE,1999-12-31,1999-12-31,2024-02-16T02:06:48.193Z,2024-03-06T02:07:01.474Z
202,202,954901,2689,2024-03-06T02:07:01.474Z,2024-03-06T02:07:01.474Z,GA2689,Fran,Franchise,1999-12-31,1999-12-31,BONAIRE,GA,Georgia,USA,Unknown,524.0,ATLANTA,Future,2.0,Southeast,0.0,Signed Lease,Domestic,DomesticFranchise,ATLANTA,1999-12-31,1999-12-31,2024-02-16T02:06:48.193Z,2024-03-06T02:07:01.474Z
203,203,954893,2693,2024-03-06T02:07:01.474Z,2024-03-06T02:07:01.474Z,TN2693,Fran,Franchise,1999-12-31,1999-12-31,TULLAHOMA,TN,Tennessee,USA,Unknown,659.0,NASHVILLE,Future,2.0,Southeast,0.0,Signed Lease,Domestic,DomesticFranchise,NASHVILLE,1999-12-31,1999-12-31,2024-02-16T02:06:48.193Z,2024-03-06T02:07:01.474Z
204,204,954897,2698,2024-03-06T02:07:01.474Z,2024-03-06T02:07:01.474Z,GA2698,Fran,Franchise,1999-12-31,1999-12-31,ALBANY,GA,Georgia,USA,Unknown,524.0,ATLANTA,Future,2.0,Southeast,0.0,Signed Lease,Domestic,DomesticFranchise,ATLANTA,1999-12-31,1999-12-31,2024-02-16T02:06:48.193Z,2024-03-06T02:07:01.474Z
205,205,954899,2692,2024-03-06T02:07:01.474Z,2024-03-06T02:07:01.474Z,VA2692,Fran,Franchise,1999-12-31,1999-12-31,LEESBURG,VA,Virginia,USA,Unknown,511.0,"WASHINGTON, DC (HAGRSTWN)",Future,2.0,Southeast,0.0,Signed Lease,Domestic,DomesticFranchise,"WASHINGTON, DC (HAGRSTWN)",1999-12-31,1999-12-31,2024-02-16T02:06:48.193Z,2024-03-06T02:07:01.474Z
206,206,878084,2680,2024-03-06T02:07:01.474Z,2024-03-06T02:07:01.474Z,IL2680,Fran,Franchise,1999-12-31,1999-12-31,SYCAMORE,IL,Illinois,USA,Unknown,602.0,CHICAGO,Future,3.0,North,0.0,Signed Lease,Domestic,DomesticFranchise,CHICAGO,1999-12-31,1999-12-31,2024-01-27T02:06:48.100Z,2024-03-06T02:07:01.474Z
207,207,878087,2681,2024-03-06T02:07:01.474Z,2024-03-06T02:07:01.474Z,OH2681,Fran,Franchise,1999-12-31,1999-12-31,HAMILTON,OH,Ohio,USA,Unknown,515.0,CINCINNATI,Future,3.0,North,0.0,Signed Lease,Domestic,DomesticFranchise,CINCINNATI,1999-12-31,1999-12-31,2024-01-27T02:06:48.100Z,2024-03-06T02:07:01.474Z
208,208,878079,2676,2024-03-06T02:07:01.474Z,2024-03-06T02:07:01.474Z,OH2676,Fran,Franchise,1999-12-31,1999-12-31,MASON,OH,Ohio,USA,Unknown,515.0,CINCINNATI,Future,3.0,North,0.0,Signed Lease,Domestic,DomesticFranchise,CINCINNATI,1999-12-31,1999-12-31,2024-01-27T02:06:48.100Z,2024-03-06T02:07:01.474Z
209,209,815460,2667,2024-03-06T02:07:01.474Z,2024-03-06T02:07:01.474Z,VA2667,Fran,Franchise,1999-12-31,1999-12-31,CHESTER,VA,Virginia,USA,Unknown,556.0,RICHMOND-PETERSBURG,Future,2.0,Southeast,0.0,Signed Lease,Domestic,DomesticFranchise,RICHMOND-PETERSBURG,1999-12-31,1999-12-31,2024-01-12T02:07:03.281Z,2024-03-06T02:07:01.474Z
210,210,803047,2646,2024-03-06T02:07:01.474Z,2024-03-06T02:07:01.474Z,NJ2646,Fran,Franchise,1999-12-31,1999-12-31,PARAMUS,NJ,New Jersey,USA,Unknown,501.0,NEW YORK,Future,3.0,North,0.0,Signed Lease,Domestic,DomesticFranchise,NEW YORK,1999-12-31,1999-12-31,2024-01-09T02:17:23.309Z,2024-03-06T02:07:01.474Z
211,211,803052,2651,2024-03-06T02:07:01.474Z,2024-03-06T02:07:01.474Z,IN2651,Fran,Franchise,1999-12-31,1999-12-31,BLOOMINGTON,IN,Indiana,USA,Unknown,527.0,INDIANAPOLIS,Future,3.0,North,0.0,Signed Lease,Domestic,DomesticFranchise,INDIANAPOLIS,1999-12-31,1999-12-31,2024-01-09T02:17:23.309Z,2024-03-06T02:07:01.474Z
212,212,803063,2662,2024-03-06T02:07:01.474Z,2024-03-06T02:07:01.474Z,FL2662,Fran,Franchise,1999-12-31,1999-12-31,TAMPA,FL,Florida,USA,Unknown,539.0,TAMPA-ST. PETE (SARASOTA),Future,2.0,Southeast,0.0,Signed Lease,Domestic,DomesticFranchise,TAMPA-ST. PETE (SARASOTA),1999-12-31,1999-12-31,2024-01-09T02:17:23.309Z,2024-03-06T02:07:01.474Z
213,213,536254,2592,2024-03-06T02:07:01.474Z,2024-03-06T02:07:01.474Z,CA2592,Fran,Franchise,1999-12-31,1999-12-31,GOLETA,CA,California,USA,Unknown,855.0,SANTABARBRA-SANMAR-SANLUOB,Future,4.0,West,0.0,Signed Lease,Domestic,DomesticFranchise,SANTABARBRA-SANMAR-SANLUOB,1999-12-31,1999-12-31,2023-11-02T02:06:53.639Z,2024-03-06T02:07:01.474Z
214,214,835835,2671,2024-03-06T02:07:01.474Z,2024-03-06T02:07:01.474Z,NC2671,Fran,Franchise,1999-12-31,1999-12-31,MORGANTON,NC,North Carolina,USA,Unknown,517.0,CHARLOTTE,Future,2.0,Southeast,0.0,Signed Lease,Domestic,DomesticFranchise,CHARLOTTE,1999-12-31,1999-12-31,2024-01-17T02:06:52.860Z,2024-03-06T02:07:01.474Z
215,215,803060,2659,2024-03-06T02:07:01.474Z,2024-03-06T02:07:01.474Z,UT2659,Fran,Franchise,1999-12-31,1999-12-31,LEHI,UT,Utah,USA,Unknown,770.0,SALT LAKE CITY,Future,4.0,West,0.0,Signed Lease,Domestic,DomesticFranchise,SALT LAKE CITY,1999-12-31,1999-12-31,2024-01-09T02:17:23.309Z,2024-03-06T02:07:01.474Z
216,216,803061,2660,2024-03-06T02:07:01.474Z,2024-03-06T02:07:01.474Z,OH2660,Fran,Franchise,1999-12-31,1999-12-31,LEWIS CENTER,OH,Ohio,USA,Unknown,535.0,"COLUMBUS, OH",Future,3.0,North,0.0,Signed Lease,Domestic,DomesticFranchise,"COLUMBUS, OH",1999-12-31,1999-12-31,2024-01-09T02:17:23.309Z,2024-03-06T02:07:01.474Z
217,217,803065,2664,2024-03-06T02:07:01.474Z,2024-03-06T02:07:01.474Z,OH2664,Fran,Franchise,1999-12-31,1999-12-31,NORWOOD,OH,Ohio,USA,Unknown,515.0,CINCINNATI,Future,3.0,North,0.0,Signed Lease,Domestic,DomesticFranchise,CINCINNATI,1999-12-31,1999-12-31,2024-01-09T02:17:23.309Z,2024-03-06T02:07:01.474Z
218,218,709081,2635,2024-03-06T02:07:01.474Z,2024-03-06T02:07:01.474Z,AL2635,Fran,Franchise,1999-12-31,1999-12-31,GARDENDALE,AL,Alabama,USA,Unknown,630.0,BIRMINGHAM (ANN AND TUSC),Future,2.0,Southeast,0.0,Signed Lease,Domestic,DomesticFranchise,BIRMINGHAM (ANN AND TUSC),1999-12-31,1999-12-31,2023-12-15T02:07:09.152Z,2024-03-06T02:07:01.474Z
219,219,710303,2631,2024-03-06T02:07:01.474Z,2024-03-06T02:07:01.474Z,VA2631,Fran,Franchise,1999-12-31,1999-12-31,RICHMOND,VA,Virginia,USA,Unknown,556.0,RICHMOND-PETERSBURG,Future,2.0,Southeast,0.0,Signed Lease,Domestic,DomesticFranchise,RICHMOND-PETERSBURG,1999-12-31,1999-12-31,2023-12-15T02:07:09.152Z,2024-03-06T02:07:01.474Z
220,220,1307238,2808,2024-05-22T02:07:18.404Z,2024-05-22T02:07:18.404Z,OR2808,Fran,Franchise,1999-12-31,1999-12-31,CORVALLIS,OR,Oregon,USA,Unknown,820.0,"PORTLAND, OR",Future,4.0,West,0.0,Signed Lease,Domestic,DomesticFranchise,"PORTLAND, OR",1999-12-31,1999-12-31,2024-05-18T02:06:56.918Z,2024-05-22T02:07:18.404Z
221,221,1004842,2730,2024-05-23T02:07:01.674Z,2024-05-23T02:07:01.674Z,MI2730,Fran,Franchise,1999-12-31,1999-12-31,CHESTERFIELD,MI,Michigan,USA,Unknown,505.0,DETROIT,Future,3.0,North,0.0,Signed Lease,Domestic,DomesticFranchise,DETROIT,1999-12-31,1999-12-31,2024-02-29T02:06:53.406Z,2024-05-23T02:07:01.674Z
222,222,803053,2652,2024-05-23T02:07:01.674Z,2024-05-23T02:07:01.674Z,OH2652,Fran,Franchise,1999-12-31,1999-12-31,NORTH OLMSTED,OH,Ohio,USA,Unknown,510.0,CLEVELAND-AKRON (CANTON),Future,3.0,North,0.0,Signed Lease,Domestic,DomesticFranchise,CLEVELAND-AKRON (CANTON),1999-12-31,1999-12-31,2024-01-09T02:17:23.309Z,2024-05-23T02:07:01.674Z
223,223,652698,2619,2024-03-06T02:07:01.474Z,2024-03-06T02:07:01.474Z,NC2619,Fran,Franchise,1999-12-31,1999-12-31,FAYETTEVILLE,NC,North Carolina,USA,Unknown,560.0,RALEIGH-DURHAM (FAYETVLLE),Future,2.0,Southeast,0.0,Signed Lease,Domestic,DomesticFranchise,RALEIGH-DURHAM (FAYETVLLE),1999-12-31,1999-12-31,2023-11-30T02:06:52.882Z,2024-03-06T02:07:01.474Z
224,224,598947,2606,2024-03-06T02:07:01.474Z,2024-03-06T02:07:01.474Z,FL2606,Fran,Franchise,1999-12-31,1999-12-31,KISSIMMEE,FL,Florida,USA,Unknown,534.0,ORLANDO-DAYTONA BCH-MELBRN,Future,2.0,Southeast,0.0,Signed Lease,Domestic,DomesticFranchise,ORLANDO-DAYTONA BCH-MELBRN,1999-12-31,1999-12-31,2023-11-17T02:06:52.704Z,2024-03-06T02:07:01.474Z
225,225,803048,2647,2024-05-01T02:06:40.900Z,2024-05-01T02:06:40.900Z,NY2647,Fran,Franchise,1999-12-31,1999-12-31,MASSAPEQUA,NY,New York,USA,Eastern,501.0,NEW YORK,Future,3.0,North,0.0,Signed Lease,Domestic,DomesticFranchise,NEW YORK,1999-12-31,1999-12-31,2024-01-09T02:17:23.309Z,2024-05-01T02:06:40.900Z
226,226,1238071,2783,2024-05-04T02:06:50.095Z,2024-05-04T02:06:50.095Z,CA2783,Fran,Franchise,1999-12-31,1999-12-31,WEST COVINA,CA,California,USA,Unknown,803.0,LOS ANGELES,Future,4.0,West,0.0,Signed Lease,Domestic,DomesticFranchise,LOS ANGELES,1999-12-31,1999-12-31,2024-04-30T02:06:44.345Z,2024-05-04T02:06:50.095Z
227,227,1239129,2781,2024-05-04T02:06:50.095Z,2024-05-04T02:06:50.095Z,CA2781,Fran,Franchise,1999-12-31,1999-12-31,SACRAMENTO,CA,California,USA,Unknown,862.0,SACRAMNTO-STKTON-MODESTO,Future,4.0,West,0.0,Signed Lease,Domestic,DomesticFranchise,SACRAMNTO-STKTON-MODESTO,1999-12-31,1999-12-31,2024-04-30T02:06:44.345Z,2024-05-04T02:06:50.095Z
228,228,1193037,2774,2024-05-04T02:06:50.095Z,2024-05-04T02:06:50.095Z,CA2774,Fran,Franchise,1999-12-31,1999-12-31,WEST HOLLYWOOD,CA,California,USA,Unknown,803.0,LOS ANGELES,Future,4.0,West,0.0,Signed Lease,Domestic,DomesticFranchise,LOS ANGELES,1999-12-31,1999-12-31,2024-04-18T02:06:50.853Z,2024-05-04T02:06:50.095Z
229,229,1193039,2779,2024-05-04T02:06:50.095Z,2024-05-04T02:06:50.095Z,CA2779,Fran,Franchise,1999-12-31,1999-12-31,GRANADA HILLS,CA,California,USA,Unknown,803.0,LOS ANGELES,Future,4.0,West,0.0,Signed Lease,Domestic,DomesticFranchise,LOS ANGELES,1999-12-31,1999-12-31,2024-04-18T02:06:50.853Z,2024-05-04T02:06:50.095Z
230,230,1108538,2752,2024-05-04T02:06:50.095Z,2024-05-04T02:06:50.095Z,CA2752,Fran,Franchise,1999-12-31,1999-12-31,LINCOLN,CA,California,USA,Unknown,862.0,SACRAMNTO-STKTON-MODESTO,Future,4.0,West,0.0,Signed Lease,Domestic,DomesticFranchise,SACRAMNTO-STKTON-MODESTO,1999-12-31,1999-12-31,2024-03-27T02:07:00.461Z,2024-05-04T02:06:50.095Z
231,231,1104692,2746,2024-05-04T02:06:50.095Z,2024-05-04T02:06:50.095Z,CA2746,Fran,Franchise,1999-12-31,1999-12-31,SANTA ANA,CA,California,USA,Unknown,803.0,LOS ANGELES,Future,4.0,West,0.0,Signed Lease,Domestic,DomesticFranchise,LOS ANGELES,1999-12-31,1999-12-31,2024-03-26T02:06:59.305Z,2024-05-04T02:06:50.095Z
232,232,1104694,2749,2024-05-04T02:06:50.095Z,2024-05-04T02:06:50.095Z,CA2749,Fran,Franchise,1999-12-31,1999-12-31,PARAMOUNT,CA,California,USA,Unknown,803.0,LOS ANGELES,Future,4.0,West,0.0,Signed Lease,Domestic,DomesticFranchise,LOS ANGELES,1999-12-31,1999-12-31,2024-03-26T02:06:59.305Z,2024-05-04T02:06:50.095Z
233,233,1104693,2748,2024-05-04T02:06:50.095Z,2024-05-04T02:06:50.095Z,WA2748,Fran,Franchise,1999-12-31,1999-12-31,BURIEN,WA,Washington,USA,Unknown,819.0,SEATTLE-TACOMA,Future,4.0,West,0.0,Signed Lease,Domestic,DomesticFranchise,SEATTLE-TACOMA,1999-12-31,1999-12-31,2024-03-26T02:06:59.305Z,2024-05-04T02:06:50.095Z
234,234,1035564,2735,2024-05-04T02:06:50.095Z,2024-05-04T02:06:50.095Z,UT2735,Fran,Franchise,1999-12-31,1999-12-31,SOUTH JORDAN,UT,Utah,USA,Unknown,770.0,SALT LAKE CITY,Future,4.0,West,0.0,Signed Lease,Domestic,DomesticFranchise,SALT LAKE CITY,1999-12-31,1999-12-31,2024-03-08T02:07:13.910Z,2024-05-04T02:06:50.095Z
235,235,1004840,2727,2024-05-04T02:06:50.095Z,2024-05-04T02:06:50.095Z,CA2727,Fran,Franchise,1999-12-31,1999-12-31,BAKERSFIELD,CA,California,USA,Unknown,800.0,BAKERSFIELD,Future,4.0,West,0.0,Signed Lease,Domestic,DomesticFranchise,BAKERSFIELD,1999-12-31,1999-12-31,2024-02-29T02:06:53.406Z,2024-05-04T02:06:50.095Z
236,236,878085,2674,2024-05-04T02:06:50.095Z,2024-05-04T02:06:50.095Z,WA2674,Fran,Franchise,1999-12-31,1999-12-31,LONGVIEW,WA,Washington,USA,Unknown,820.0,"PORTLAND, OR",Future,4.0,West,0.0,Signed Lease,Domestic,DomesticFranchise,"PORTLAND, OR",1999-12-31,1999-12-31,2024-01-27T02:06:48.100Z,2024-05-04T02:06:50.095Z
237,237,803064,2663,2024-05-04T02:06:50.095Z,2024-05-04T02:06:50.095Z,CA2663,Fran,Franchise,1999-12-31,1999-12-31,WALNUT CREEK,CA,California,USA,Pacific,807.0,SAN FRANCISCO-OAK-SAN JOSE,Future,4.0,West,0.0,Signed Lease,Domestic,DomesticFranchise,SAN FRANCISCO-OAK-SAN JOSE,1999-12-31,1999-12-31,2024-01-09T02:17:23.309Z,2024-05-04T02:06:50.095Z
238,238,77912,2495,2024-05-04T02:06:50.095Z,2024-05-04T02:06:50.095Z,CA2495,Fran,Franchise,1999-12-31,1999-12-31,DALY CITY,CA,California,USA,Pacific,807.0,SAN FRANCISCO-OAK-SAN JOSE,Future,4.0,West,0.0,Signed Lease,Domestic,DomesticFranchise,SAN FRANCISCO-OAK-SAN JOSE,1999-12-31,1999-12-31,2023-07-03T02:02:57.191Z,2024-05-04T02:06:50.095Z
239,239,970262,2708,2024-05-04T02:06:50.095Z,2024-05-04T02:06:50.095Z,CA2708,Fran,Franchise,1999-12-31,1999-12-31,BUENA PARK,CA,California,USA,Unknown,803.0,LOS ANGELES,Future,4.0,West,0.0,Signed Lease,Domestic,DomesticFranchise,LOS ANGELES,1999-12-31,1999-12-31,2024-02-20T02:06:39.449Z,2024-05-04T02:06:50.095Z
240,240,953744,2697,2024-05-04T02:06:50.095Z,2024-05-04T02:06:50.095Z,CO2697,Fran,Franchise,1999-12-31,1999-12-31,AURORA,CO,Colorado,USA,Unknown,751.0,DENVER,Future,4.0,West,0.0,Signed Lease,Domestic,DomesticFranchise,DENVER,1999-12-31,1999-12-31,2024-02-16T02:06:48.193Z,2024-05-04T02:06:50.095Z
241,241,803059,2658,2024-05-04T02:06:50.095Z,2024-05-04T02:06:50.095Z,OR2658,Fran,Franchise,1999-12-31,1999-12-31,ALBANY,OR,Oregon,USA,Unknown,820.0,"PORTLAND, OR",Future,4.0,West,0.0,Signed Lease,Domestic,DomesticFranchise,"PORTLAND, OR",1999-12-31,1999-12-31,2024-01-09T02:17:23.309Z,2024-05-04T02:06:50.095Z
242,242,1238074,2791,2024-05-08T02:08:14.302Z,2024-05-08T02:08:14.302Z,NY2791,Fran,Franchise,1999-12-31,1999-12-31,BUFFALO,NY,New York,USA,Eastern,514.0,BUFFALO,Future,3.0,North,0.0,Signed Lease,Domestic,DomesticFranchise,BUFFALO,1999-12-31,1999-12-31,2024-04-30T02:06:44.345Z,2024-05-08T02:08:14.302Z
243,243,969125,2707,2024-05-10T02:07:06.625Z,2024-05-10T02:07:06.625Z,NC2707,Fran,Franchise,1999-12-31,1999-12-31,THOMASVILLE,NC,North Carolina,USA,Unknown,517.0,CHARLOTTE,Future,2.0,Southeast,0.0,Signed Lease,Domestic,DomesticFranchise,CHARLOTTE,1999-12-31,1999-12-31,2024-02-20T02:06:39.449Z,2024-05-10T02:07:06.625Z
244,244,710304,2630,2024-05-10T02:07:06.625Z,2024-05-10T02:07:06.625Z,OK2630,Fran,Franchise,1999-12-31,1999-12-31,NORMAN,OK,Oklahoma,USA,Central,650.0,OKLAHOMA CITY,Future,1.0,Southwest,0.0,Signed Lease,Domestic,DomesticFranchise,OKLAHOMA CITY,1999-12-31,1999-12-31,2023-12-15T02:07:09.152Z,2024-05-10T02:07:06.625Z
245,245,1239127,2782,2024-05-11T02:06:58.810Z,2024-05-11T02:06:58.810Z,FL2782,Fran,Franchise,1999-12-31,1999-12-31,MELBOURNE,FL,Florida,USA,Unknown,534.0,ORLANDO-DAYTONA BCH-MELBRN,Future,2.0,Southeast,0.0,Signed Lease,Domestic,DomesticFranchise,ORLANDO-DAYTONA BCH-MELBRN,1999-12-31,1999-12-31,2024-04-30T02:06:44.345Z,2024-05-11T02:06:58.810Z
247,247,545195,2601,2024-05-11T02:06:58.810Z,2024-05-11T02:06:58.810Z,WA2601,Fran,Franchise,1999-12-31,1999-12-31,SPOKANE,WA,Washington,USA,Unknown,881.0,SPOKANE,Future,4.0,West,0.0,Signed Lease,Domestic,DomesticFranchise,SPOKANE,1999-12-31,1999-12-31,2023-11-04T02:06:40.524Z,2024-05-11T02:06:58.810Z
248,248,710301,2632,2024-05-01T02:06:40.900Z,2024-05-01T02:06:40.900Z,MA2632,Fran,Franchise,1999-12-31,1999-12-31,CHICOPEE,MA,Massachusetts,USA,Unknown,543.0,SPRINGFIELD-HOLYOKE,Future,3.0,North,0.0,Signed Lease,Domestic,DomesticFranchise,SPRINGFIELD-HOLYOKE,1999-12-31,1999-12-31,2023-12-15T02:07:09.152Z,2024-05-01T02:06:40.900Z
249,249,1000995,2721,2024-05-01T02:06:40.900Z,2024-05-01T02:06:40.900Z,MN2721,Fran,Franchise,1999-12-31,1999-12-31,SHAKOPEE,MN,Minnesota,USA,Unknown,613.0,MINNEAPOLIS-ST. PAUL,Future,3.0,North,0.0,Signed Lease,Domestic,DomesticFranchise,MINNEAPOLIS-ST. PAUL,1999-12-31,1999-12-31,2024-02-28T02:06:44.884Z,2024-05-01T02:06:40.900Z
250,250,803058,2657,2024-05-01T02:06:40.900Z,2024-05-01T02:06:40.900Z,NJ2657,Fran,Franchise,1999-12-31,1999-12-31,PISCATAWAY,NJ,New Jersey,USA,Unknown,501.0,NEW YORK,Future,3.0,North,0.0,Signed Lease,Domestic,DomesticFranchise,NEW YORK,1999-12-31,1999-12-31,2024-01-09T02:17:23.309Z,2024-05-01T02:06:40.900Z
251,251,1035568,2740,2024-04-26T02:06:52.694Z,2024-04-26T02:06:52.694Z,OH2740,Fran,Franchise,1999-12-31,1999-12-31,KETTERING,OH,Ohio,USA,Unknown,542.0,DAYTON,Future,3.0,North,0.0,Signed Lease,Domestic,DomesticFranchise,DAYTON,1999-12-31,1999-12-31,2024-03-08T02:07:13.910Z,2024-04-26T02:06:52.694Z
252,252,545193,2598,2024-04-26T02:06:52.694Z,2024-04-26T02:06:52.694Z,CT2598,Fran,Franchise,1999-12-31,1999-12-31,NEW BRITAIN,CT,Connecticut,USA,Unknown,533.0,HARTFORD & NEW HAVEN,Future,3.0,North,0.0,Signed Lease,Domestic,DomesticFranchise,HARTFORD & NEW HAVEN,1999-12-31,1999-12-31,2023-11-04T02:06:40.524Z,2024-04-26T02:06:52.694Z
254,254,974113,2717,2024-04-26T02:06:52.694Z,2024-04-26T02:06:52.694Z,GA2717,Fran,Franchise,1999-12-31,1999-12-31,VILLA RICA,GA,Georgia,USA,Unknown,524.0,ATLANTA,Future,2.0,Southeast,0.0,Signed Lease,Domestic,DomesticFranchise,ATLANTA,1999-12-31,1999-12-31,2024-02-21T02:06:55.657Z,2024-04-26T02:06:52.694Z
255,255,969124,2709,2024-04-26T02:06:52.694Z,2024-04-26T02:06:52.694Z,NC2709,Fran,Franchise,1999-12-31,1999-12-31,GREENSBORO,NC,North Carolina,USA,Unknown,518.0,GREENSBORO-H.POINT-W.SALEM,Future,2.0,Southeast,0.0,Signed Lease,Domestic,DomesticFranchise,GREENSBORO-H.POINT-W.SALEM,1999-12-31,1999-12-31,2024-02-20T02:06:39.449Z,2024-04-26T02:06:52.694Z
256,256,954896,2694,2024-04-26T02:06:52.694Z,2024-04-26T02:06:52.694Z,GA2694,Fran,Franchise,1999-12-31,1999-12-31,MACON,GA,Georgia,USA,Unknown,524.0,ATLANTA,Future,2.0,Southeast,0.0,Signed Lease,Domestic,DomesticFranchise,MACON,1999-12-31,1999-12-31,2024-02-16T02:06:48.193Z,2024-04-26T02:06:52.694Z
257,257,878086,2682,2024-04-26T02:06:52.694Z,2024-04-26T02:06:52.694Z,GA2682,Fran,Franchise,1999-12-31,1999-12-31,GRIFFIN,GA,Georgia,USA,Unknown,524.0,ATLANTA,Future,2.0,Southeast,0.0,Signed Lease,Domestic,DomesticFranchise,ATLANTA,1999-12-31,1999-12-31,2024-01-27T02:06:48.100Z,2024-04-26T02:06:52.694Z
258,258,816633,2668,2024-04-26T02:06:52.694Z,2024-04-26T02:06:52.694Z,GA2668,Fran,Franchise,1999-12-31,1999-12-31,ATLANTA,GA,Georgia,USA,Unknown,524.0,ATLANTA,Future,2.0,Southeast,0.0,Signed Lease,Domestic,DomesticFranchise,ATLANTA,1999-12-31,1999-12-31,2024-01-12T02:07:03.281Z,2024-04-26T02:06:52.694Z
260,260,536253,2593,2024-03-06T02:07:01.474Z,2024-03-06T02:07:01.474Z,NJ2593,Fran,Franchise,1999-12-31,1999-12-31,HAMILTON TOWNSHIP,NJ,New Jersey,USA,Unknown,504.0,PHILADELPHIA,Future,3.0,North,0.0,Signed Lease,Domestic,DomesticFranchise,PHILADELPHIA,1999-12-31,1999-12-31,2023-11-02T02:06:53.639Z,2024-03-06T02:07:01.474Z
261,261,803057,2656,2024-03-06T02:07:01.474Z,2024-03-06T02:07:01.474Z,PA2656,Fran,Franchise,1999-12-31,1999-12-31,PITTSBURGH,PA,Pennsylvania,USA,Unknown,508.0,PITTSBURGH,Future,3.0,North,0.0,Signed Lease,Domestic,DomesticFranchise,PITTSBURGH,1999-12-31,1999-12-31,2024-01-09T02:17:23.309Z,2024-03-06T02:07:01.474Z
262,262,1035565,2738,2024-03-15T02:06:49.240Z,2024-03-15T02:06:49.240Z,CT2738,Fran,Franchise,1999-12-31,1999-12-31,WALLINGFORD,CT,Connecticut,USA,Unknown,506.0,BOSTON (MANCHESTER),Future,3.0,North,0.0,Signed Lease,Domestic,DomesticFranchise,HARTFORD & NEW HAVEN,1999-12-31,1999-12-31,2024-03-08T02:07:13.910Z,2024-03-15T02:06:49.240Z
263,263,1162310,2769,2024-04-12T02:07:05.337Z,2024-04-12T02:07:05.337Z,OK2769,Fran,Franchise,1999-12-31,1999-12-31,LAWTON,OK,Oklahoma,USA,Unknown,627.0,WICHITA FALLS & LAWTON,Future,1.0,Southwest,0.0,Signed Lease,Domestic,DomesticFranchise,WICHITA FALLS & LAWTON,1999-12-31,1999-12-31,2024-04-10T02:06:53.683Z,2024-04-12T02:07:05.337Z
267,267,1131582,2760,2024-04-09T02:06:59.831Z,2024-04-09T02:06:59.831Z,SC2760,Fran,Franchise,1999-12-31,1999-12-31,SIMPSONVILLE,SC,South Carolina,USA,Unknown,567.0,GREENVLL-SPART-ASHEVLL-AND,Future,2.0,Southeast,0.0,Signed Lease,Domestic,DomesticFranchise,GREENVLL-SPART-ASHEVLL-AND,1999-12-31,1999-12-31,2024-04-02T02:06:50.554Z,2024-04-09T02:06:59.831Z
268,268,803051,2650,2024-04-10T02:06:53.683Z,2024-04-10T02:06:53.683Z,CA2650,Fran,Franchise,1999-12-31,1999-12-31,REEDLEY,CA,California,USA,Unknown,866.0,FRESNO-VISALIA,Future,4.0,West,0.0,Signed Lease,Domestic,DomesticFranchise,FRESNO-VISALIA,1999-12-31,1999-12-31,2024-01-09T02:17:23.309Z,2024-04-10T02:06:53.683Z
269,269,1108535,2753,2024-04-04T02:07:11.687Z,2024-04-04T02:07:11.687Z,MI2753,Fran,Franchise,1999-12-31,1999-12-31,SAGINAW,MI,Michigan,USA,Unknown,513.0,FLINT-SAGINAW-BAY CITY,Future,3.0,North,0.0,Signed Lease,Domestic,DomesticFranchise,FLINT-SAGINAW-BAY CITY,1999-12-31,1999-12-31,2024-03-27T02:07:00.461Z,2024-04-04T02:07:11.687Z
272,272,878080,2678,2024-03-26T02:06:59.305Z,2024-03-26T02:06:59.305Z,TX2678,Fran,Franchise,1999-12-31,1999-12-31,PHARR,TX,Texas,USA,Central,636.0,HARLINGEN-WSLCO-BRNSVL-MCA,Future,1.0,Southwest,0.0,Signed Lease,Domestic,DomesticFranchise,HARLINGEN-WSLCO-BRNSVL-MCA,1999-12-31,1999-12-31,2024-01-27T02:06:48.100Z,2024-03-26T02:06:59.305Z
277,277,1004841,2733,2024-03-08T02:07:13.910Z,2024-03-08T02:07:13.910Z,VA2733,Fran,Franchise,1999-12-31,1999-12-31,NEWPORT NEWS,VA,Virginia,USA,Unknown,544.0,NORFOLK-PORTSMTH-NEWPT NWS,Future,2.0,Southeast,0.0,Signed Lease,Domestic,DomesticFranchise,NORFOLK-PORTSMTH-NEWPT NWS,1999-12-31,1999-12-31,2024-02-29T02:06:53.406Z,2024-03-08T02:07:13.910Z
278,278,1003723,2734,2024-03-08T02:07:13.910Z,2024-03-08T02:07:13.910Z,VA2734,Fran,Franchise,1999-12-31,1999-12-31,PORTSMOUTH,VA,Virginia,USA,Unknown,544.0,NORFOLK-PORTSMTH-NEWPT NWS,Future,2.0,Southeast,0.0,Signed Lease,Domestic,DomesticFranchise,NORFOLK-PORTSMTH-NEWPT NWS,1999-12-31,1999-12-31,2024-02-29T02:06:53.406Z,2024-03-08T02:07:13.910Z
279,279,1000997,2722,2024-03-08T02:07:13.910Z,2024-03-08T02:07:13.910Z,PA2722,Fran,Franchise,1999-12-31,1999-12-31,HARRISBURG,PA,Pennsylvania,USA,Unknown,566.0,HARRISBURG-LNCSTR-LEB-YORK,Future,3.0,North,0.0,Signed Lease,Domestic,DomesticFranchise,HARRISBURG-LNCSTR-LEB-YORK,1999-12-31,1999-12-31,2024-02-28T02:06:44.884Z,2024-03-08T02:07:13.910Z
289,289,953745,2699,2024-02-23T02:07:25.093Z,2024-02-23T02:07:25.093Z,FL2699,Fran,Franchise,1999-12-31,1999-12-31,MIAMI,FL,Florida,USA,Eastern,528.0,MIAMI-FT. LAUDERDALE,Future,2.0,Southeast,0.0,Signed Lease,Domestic,DomesticFranchise,MIAMI-FT. LAUDERDALE,1999-12-31,1999-12-31,2024-02-16T02:06:48.193Z,2024-02-23T02:07:25.093Z
294,294,878081,2675,2024-02-06T02:07:01.829Z,2024-02-06T02:07:01.829Z,KS2675,Fran,Franchise,1999-12-31,1999-12-31,OLATHE,KS,Kansas,USA,Unknown,616.0,KANSAS CITY,Future,1.0,Southwest,0.0,Signed Lease,Domestic,DomesticFranchise,KANSAS CITY,1999-12-31,1999-12-31,2024-01-27T02:06:48.100Z,2024-02-06T02:07:01.829Z
295,295,77905,2488,2024-02-06T02:07:01.829Z,2024-02-06T02:07:01.829Z,NJ2488,Fran,Franchise,1999-12-31,1999-12-31,.,NJ,New Jersey,USA,Unknown,501.0,NEW YORK,Future,3.0,North,0.0,Active DA Obligation,Domestic,DomesticFranchise,NEW YORK,1999-12-31,1999-12-31,2023-07-03T02:02:57.191Z,2024-02-06T02:07:01.829Z
297,297,878083,2677,2024-02-08T02:06:50.452Z,2024-02-08T02:06:50.452Z,AL2677,Fran,Franchise,1999-12-01,1999-12-31,NORTHPORT,AL,Alabama,USA,Eastern,630.0,BIRMINGHAM (ANN AND TUSC),Future,2.0,Southeast,0.0,Signed Lease,Domestic,DomesticFranchise,BIRMINGHAM (ANN AND TUSC),1999-12-01,1999-12-01,2024-01-27T02:06:48.100Z,2024-02-08T02:06:50.452Z
302,302,648858,926,2023-12-21T02:07:01.736Z,2023-12-21T02:07:01.736Z,NV926,Corp,Corporate,1999-12-31,1999-12-31,LAS VEGAS,NV,Nevada,USA,Unknown,839.0,LAS VEGAS,Future,4.0,West,0.0,Signed Lease,Domestic,DomesticCorporate,LAS VEGAS,1999-12-31,1999-12-31,2023-11-29T02:06:54.270Z,2023-12-21T02:07:01.736Z
303,303,1737,949,2023-12-21T02:07:01.736Z,2023-12-21T02:07:01.736Z,KS949,Corp,Corporate,1999-12-31,1999-12-31,MISSION,KS,Kansas,USA,Central,616.0,KANSAS CITY,Future,1.0,Southwest,0.0,Terminated DA Obligation,Domestic,DomesticCorporate,KANSAS CITY,1999-12-31,1999-12-31,2023-06-13T20:38:55.210Z,2023-12-21T02:07:01.736Z
304,304,114584,2503,2023-12-21T02:07:01.736Z,2023-12-21T02:07:01.736Z,IN2503,Fran,Franchise,1999-12-31,1999-12-31,HAMMOND,IN,Indiana,USA,Unknown,602.0,CHICAGO,Future,3.0,North,0.0,Signed Lease,Domestic,DomesticFranchise,CHICAGO,1999-12-31,1999-12-31,2023-07-13T02:02:59.294Z,2023-12-21T02:07:01.736Z
305,305,1741,957,2023-12-21T02:07:01.736Z,2023-12-21T02:07:01.736Z,TX957,Corp,Corporate,1999-12-31,1999-12-31,HOUSTON,TX,Texas,USA,Central,618.0,HOUSTON,Future,1.0,Southwest,0.0,Transfer,Domestic,DomesticCorporate,HOUSTON,1999-12-31,1999-12-31,2023-06-13T20:38:55.210Z,2023-12-21T02:07:01.736Z
306,306,710296,2627,2024-01-18T02:07:30.585Z,2024-01-18T02:07:30.585Z,FL2627,Fran,Franchise,1999-12-31,1999-12-31,HIALEAH,FL,Florida,USA,Eastern,528.0,MIAMI-FT. LAUDERDALE,Future,2.0,Southeast,0.0,Signed Lease,Domestic,DomesticFranchise,MIAMI-FT. LAUDERDALE,1999-12-31,1999-12-31,2023-12-15T02:07:09.152Z,2024-01-18T02:07:30.585Z
307,307,710298,2637,2024-01-18T02:07:30.585Z,2024-01-18T02:07:30.585Z,FL2637,Fran,Franchise,1999-12-31,1999-12-31,APOLLO BEACH,FL,Florida,USA,Eastern,539.0,TAMPA-ST. PETE (SARASOTA),Future,2.0,Southeast,0.0,Signed Lease,Domestic,DomesticFranchise,TAMPA-ST. PETE (SARASOTA),1999-12-31,1999-12-31,2023-12-15T02:07:09.152Z,2024-01-18T02:07:30.585Z
457,457,1747,963,2024-02-02T02:06:58.408Z,2024-02-02T02:06:58.408Z,NV963,Corp,Corporate,1999-12-31,1999-12-31,LAS VEGAS,NV,Nevada,USA,Pacific,839.0,LAS VEGAS,Future,4.0,West,0.0,Terminated DA Obligation,Domestic,DomesticCorporate,LAS VEGAS,1999-12-31,1999-12-31,2023-06-13T20:38:55.210Z,2024-02-02T02:06:58.408Z
458,458,127,1818,2024-02-02T02:06:58.408Z,2024-02-02T02:06:58.408Z,GA1818,Fran,Franchise,1999-12-31,1999-12-31,JONESBORO,GA,Georgia,USA,Eastern,524.0,ATLANTA,Future,2.0,Southeast,0.0,Terminated DA Obligation,Domestic,DomesticFranchise,ATLANTA,1999-12-31,1999-12-31,2023-06-13T20:38:55.210Z,2024-02-02T02:06:58.408Z
459,459,1736,948,2024-02-02T02:06:58.408Z,2024-02-02T02:06:58.408Z,MO948,Corp,Corporate,1999-12-31,1999-12-31,KANSAS CITY,MO,Missouri,USA,Central,616.0,KANSAS CITY,Future,1.0,Southwest,0.0,Terminated DA Obligation,Domestic,DomesticCorporate,KANSAS CITY,1999-12-31,1999-12-31,2023-06-13T20:38:55.210Z,2024-02-02T02:06:58.408Z
619,619,954894,2696,2024-03-06T02:07:01.474Z,2024-03-06T02:07:01.474Z,FL2696,Fran,Franchise,1999-12-31,1999-12-31,WEST PALM BEACH,FL,Florida,USA,Eastern,548.0,WEST PALM BEACH-FT. PIERCE,Future,2.0,Southeast,0.0,Signed Lease,Domestic,DomesticFranchise,WEST PALM BEACH-FT. PIERCE,1999-12-31,1999-12-31,2024-02-16T02:06:48.193Z,2024-03-06T02:07:01.474Z
620,620,652700,2620,2024-03-06T02:07:01.474Z,2024-03-06T02:07:01.474Z,PA2620,Fran,Franchise,1999-12-31,1999-12-31,CAMP HILL,PA,Pennsylvania,USA,Unknown,566.0,HARRISBURG-LNCSTR-LEB-YORK,Future,3.0,North,0.0,Signed Lease,Domestic,DomesticFranchise,HARRISBURG-LNCSTR-LEB-YORK,1999-12-31,1999-12-31,2023-11-30T02:06:52.882Z,2024-03-06T02:07:01.474Z
621,621,432531,2563,2024-03-06T02:07:01.474Z,2024-03-06T02:07:01.474Z,TX2563,Fran,Franchise,1999-12-31,1999-12-31,ARLINGTON,TX,Texas,USA,Unknown,623.0,DALLAS-FT. WORTH,Future,1.0,Southwest,0.0,Signed Lease,Domestic,DomesticFranchise,DALLAS-FT. WORTH,1999-12-31,1999-12-31,2023-10-04T02:06:39.235Z,2024-03-06T02:07:01.474Z
622,622,601553,2609,2024-03-06T02:07:01.474Z,2024-03-06T02:07:01.474Z,VA2609,Fran,Franchise,1999-12-31,1999-12-31,FREDERICKSBURG,VA,Virginia,USA,Unknown,511.0,"WASHINGTON, DC (HAGRSTWN)",Future,2.0,Southeast,0.0,Signed Lease,Domestic,DomesticFranchise,"WASHINGTON, DC (HAGRSTWN)",1999-12-31,1999-12-31,2023-11-18T02:06:51.293Z,2024-03-06T02:07:01.474Z
637,637,1103598,2747,2024-04-19T02:07:14.877Z,2024-04-19T02:07:14.877Z,GA2747,Fran,Franchise,1999-12-31,1999-12-31,STATESBORO,GA,Georgia,USA,Unknown,507.0,SAVANNAH,Future,2.0,Southeast,0.0,Signed Lease,Domestic,DomesticFranchise,Savannah,1999-12-31,1999-12-31,2024-03-26T02:06:59.305Z,2024-04-19T02:07:14.877Z
643,643,310882,2539,2024-05-04T02:06:50.095Z,2024-05-04T02:06:50.095Z,CA2539,Fran,Franchise,1999-12-31,1999-12-31,ATWATER,CA,California,USA,Pacific,866.0,FRESNO-VISALIA,Future,4.0,West,0.0,Signed Lease,Domestic,DomesticFranchise,FRESNO-VISALIA,1999-12-31,1999-12-31,2023-09-02T02:02:41.926Z,2024-05-04T02:06:50.095Z
644,644,464549,2570,2024-05-04T02:06:50.095Z,2024-05-04T02:06:50.095Z,NV2570,Fran,Franchise,1999-12-31,1999-12-31,RENO,NV,Nevada,USA,Unknown,811.0,RENO,Future,4.0,West,0.0,Signed Lease,Domestic,DomesticFranchise,RENO,1999-12-31,1999-12-31,2023-10-12T02:06:52.808Z,2024-05-04T02:06:50.095Z
645,645,437661,2566,2024-05-04T02:06:50.095Z,2024-05-04T02:06:50.095Z,CO2566,Fran,Franchise,1999-12-31,1999-12-31,AURORA,CO,Colorado,USA,Unknown,751.0,DENVER,Future,4.0,West,0.0,Signed Lease,Domestic,DomesticFranchise,DENVER,1999-12-31,1999-12-31,2023-10-05T02:06:47.557Z,2024-05-04T02:06:50.095Z
646,646,410776,2558,2024-05-04T02:06:50.095Z,2024-05-04T02:06:50.095Z,CA2558,Fran,Franchise,1999-12-31,1999-12-31,CLOVIS,CA,California,USA,Unknown,866.0,FRESNO-VISALIA,Future,4.0,West,0.0,Signed Lease,Domestic,DomesticFranchise,FRESNO-VISALIA,1999-12-31,1999-12-31,2023-09-28T02:06:51.222Z,2024-05-04T02:06:50.095Z
647,647,651469,2614,2024-05-04T02:06:50.095Z,2024-05-04T02:06:50.095Z,CA2614,Fran,Franchise,1999-12-31,1999-12-31,REDDING,CA,California,USA,Pacific,868.0,CHICO-REDDING,Future,4.0,West,0.0,Signed Lease,Domestic,DomesticFranchise,CHICO-REDDING,1999-12-31,1999-12-31,2023-11-30T02:06:52.882Z,2024-05-04T02:06:50.095Z
648,648,598945,2605,2024-05-22T02:07:18.404Z,2024-05-22T02:07:18.404Z,OH2605,Fran,Franchise,1999-12-31,1999-12-31,FINDLAY,OH,Ohio,USA,Unknown,547.0,TOLEDO,Future,3.0,North,0.0,Signed Lease,Domestic,DomesticFranchise,TOLEDO,1999-12-31,1999-12-31,2023-11-17T02:06:52.704Z,2024-05-22T02:07:18.404Z
649,649,842349,2672,2024-05-22T02:07:18.404Z,2024-05-22T02:07:18.404Z,TX2672,Fran,Franchise,1999-12-31,1999-12-31,BARTONVILLE,TX,Texas,USA,Unknown,623.0,DALLAS-FT. WORTH,Future,1.0,Southwest,0.0,Signed Lease,Domestic,DomesticFranchise,DALLAS-FT. WORTH,1999-12-31,1999-12-31,2024-01-19T02:06:46.175Z,2024-05-22T02:07:18.404Z
651,651,803062,2661,2024-05-23T02:07:01.674Z,2024-05-23T02:07:01.674Z,WA2661,Fran,Franchise,1999-12-31,1999-12-31,SHORELINE,WA,Washington,USA,Unknown,819.0,SEATTLE-TACOMA,Future,4.0,West,0.0,Signed Lease,Domestic,DomesticFranchise,SEATTLE-TACOMA,1999-12-31,1999-12-31,2024-01-09T02:17:23.309Z,2024-05-23T02:07:01.674Z
655,655,537510,2591,2024-05-23T02:07:01.674Z,2024-05-23T02:07:01.674Z,CA2591,Fran,Franchise,1999-12-31,1999-12-31,LOS ANGELES,CA,California,USA,Unknown,803.0,LOS ANGELES,Future,4.0,West,0.0,Signed Lease,Domestic,DomesticFranchise,LOS ANGELES,1999-12-31,1999-12-31,2023-11-02T02:06:53.639Z,2024-05-23T02:07:01.674Z
656,656,787087,2641,2024-05-23T02:07:01.674Z,2024-05-23T02:07:01.674Z,CA2641,Fran,Franchise,1999-12-31,1999-12-31,SAN DIEGO,CA,California,USA,Unknown,825.0,SAN DIEGO,Future,4.0,West,0.0,Signed Lease,Domestic,DomesticFranchise,SAN DIEGO,1999-12-31,1999-12-31,2024-01-04T02:07:06.666Z,2024-05-23T02:07:01.674Z
657,657,878082,2679,2024-05-23T02:07:01.674Z,2024-05-23T02:07:01.674Z,NV2679,Fran,Franchise,1999-12-31,1999-12-31,LAS VEGAS,NV,Nevada,USA,Unknown,839.0,LAS VEGAS,Future,4.0,West,0.0,Signed Lease,Domestic,DomesticFranchise,LAS VEGAS,1999-12-31,1999-12-31,2024-01-27T02:06:48.100Z,2024-05-23T02:07:01.674Z
659,659,835834,2669,2024-05-04T02:06:50.095Z,2024-05-04T02:06:50.095Z,CA2669,Fran,Franchise,1999-12-31,1999-12-31,IRWINDALE,CA,California,USA,Unknown,803.0,LOS ANGELES,Future,4.0,West,0.0,Signed Lease,Domestic,DomesticFranchise,LOS ANGELES,1999-12-31,1999-12-31,2024-01-17T02:06:52.860Z,2024-05-04T02:06:50.095Z
660,660,904969,2684,2024-05-04T02:06:50.095Z,2024-05-04T02:06:50.095Z,CA2684,Fran,Franchise,1999-12-31,1999-12-31,LAGUNA NIGUEL,CA,California,USA,Unknown,803.0,LOS ANGELES,Future,4.0,West,0.0,Signed Lease,Domestic,DomesticFranchise,LOS ANGELES,1999-12-31,1999-12-31,2024-02-03T02:06:43.565Z,2024-05-04T02:06:50.095Z
661,661,652702,2616,2024-05-04T02:06:50.095Z,2024-05-04T02:06:50.095Z,WA2616,Fran,Franchise,1999-12-31,1999-12-31,SEATTLE,WA,Washington,USA,Unknown,819.0,SEATTLE-TACOMA,Future,4.0,West,0.0,Signed Lease,Domestic,DomesticFranchise,SEATTLE-TACOMA,1999-12-31,1999-12-31,2023-11-30T02:06:52.882Z,2024-05-04T02:06:50.095Z
662,662,114578,2497,2024-05-07T02:06:49.760Z,2024-05-07T02:06:49.760Z,FL2497,Fran,Franchise,1999-12-31,1999-12-31,ROYAL PALM BEACH,FL,Florida,USA,Eastern,548.0,WEST PALM BEACH-FT. PIERCE,Future,2.0,Southeast,0.0,Signed Lease,Domestic,DomesticFranchise,WEST PALM BEACH-FT. PIERCE,1999-12-31,1999-12-31,2023-07-13T02:02:59.294Z,2024-05-07T02:06:49.760Z
669,669,114585,2504,2024-05-17T02:07:01.787Z,2024-05-17T02:07:01.787Z,SC2504,Fran,Franchise,1999-12-31,1999-12-31,NORTH AUGUSTA,SC,South Carolina,USA,Unknown,520.0,AUGUSTA-AIKEN,Future,2.0,Southeast,0.0,Signed Lease,Domestic,DomesticFranchise,AUGUSTA-AIKEN,1999-12-31,1999-12-31,2023-07-13T02:02:59.294Z,2024-05-17T02:07:01.787Z
674,674,202941,2513,2024-05-14T02:06:44.743Z,2024-05-14T02:06:44.743Z,GA2513,Fran,Franchise,1999-12-31,1999-12-31,AUGUSTA,GA,Georgia,USA,Unknown,520.0,AUGUSTA-AIKEN,Future,2.0,Southeast,0.0,Signed Lease,Domestic,DomesticFranchise,AUGUSTA-AIKEN,1999-12-31,1999-12-31,2023-08-05T02:02:24.245Z,2024-05-14T02:06:44.743Z
682,682,709080,2633,2024-05-01T02:06:40.900Z,2024-05-01T02:06:40.900Z,CT2633,Fran,Franchise,1999-12-31,1999-12-31,WETHERSFIELD,CT,Connecticut,USA,Unknown,533.0,HARTFORD & NEW HAVEN,Future,3.0,North,0.0,Signed Lease,Domestic,DomesticFranchise,HARTFORD & NEW HAVEN,1999-12-31,1999-12-31,2023-12-15T02:07:09.152Z,2024-05-01T02:06:40.900Z
683,683,204286,2510,2024-05-01T02:06:40.900Z,2024-05-01T02:06:40.900Z,MA2510,Fran,Franchise,1999-12-31,1999-12-31,LYNN,MA,Massachusetts,USA,Unknown,533.0,HARTFORD & NEW HAVEN,Future,3.0,North,0.0,Signed Lease,Domestic,DomesticFranchise,BOSTON (MANCHESTER),1999-12-31,1999-12-31,2023-08-05T02:02:24.245Z,2024-05-01T02:06:40.900Z
684,684,310884,2541,2024-05-01T02:06:40.900Z,2024-05-01T02:06:40.900Z,NJ2541,Fran,Franchise,1999-12-31,1999-12-31,HAWTHORNE,NJ,New Jersey,USA,Unknown,501.0,NEW YORK,Future,3.0,North,0.0,Signed Lease,Domestic,DomesticFranchise,NEW YORK,1999-12-31,1999-12-31,2023-09-02T02:02:41.926Z,2024-05-01T02:06:40.900Z
685,685,433819,2561,2024-04-26T02:06:52.694Z,2024-04-26T02:06:52.694Z,NC2561,Fran,Franchise,1999-12-31,1999-12-31,KERNERSVILLE,NC,North Carolina,USA,Unknown,518.0,GREENSBORO-H.POINT-W.SALEM,Future,2.0,Southeast,0.0,Signed Lease,Domestic,DomesticFranchise,GREENSBORO-H.POINT-W.SALEM,1999-12-31,1999-12-31,2023-10-04T02:06:39.235Z,2024-04-26T02:06:52.694Z
686,686,204285,2514,2024-04-26T02:06:52.694Z,2024-04-26T02:06:52.694Z,NC2514,Fran,Franchise,1999-12-31,1999-12-31,BELMONT,NC,North Carolina,USA,Unknown,517.0,CHARLOTTE,Future,2.0,Southeast,0.0,Signed Lease,Domestic,DomesticFranchise,CHARLOTTE,1999-12-31,1999-12-31,2023-08-05T02:02:24.245Z,2024-04-26T02:06:52.694Z
691,691,463264,2573,2024-04-30T02:06:44.345Z,2024-04-30T02:06:44.345Z,NJ2573,Fran,Franchise,1999-12-31,1999-12-31,MAYS LANDING,NJ,New Jersey,USA,Eastern,504.0,PHILADELPHIA,Future,3.0,North,0.0,Signed Lease,Domestic,DomesticFranchise,PHILADELPHIA,1999-12-31,1999-12-31,2023-10-12T02:06:52.808Z,2024-04-30T02:06:44.345Z
692,692,652701,2613,2024-04-23T02:07:03.697Z,2024-04-23T02:07:03.697Z,OH2613,Fran,Franchise,1999-12-31,1999-12-31,CINCINNATI,OH,Ohio,USA,Unknown,515.0,CINCINNATI,Future,3.0,North,0.0,Signed Lease,Domestic,DomesticFranchise,CINCINNATI,1999-12-31,1999-12-31,2023-11-30T02:06:52.882Z,2024-04-23T02:07:03.697Z
705,705,1108540,2756,2024-04-10T02:06:53.683Z,2024-04-10T02:06:53.683Z,IN2756,Fran,Franchise,1999-12-31,1999-12-31,WEST LAFAYETTE,IN,Indiana,USA,Unknown,582.0,"LAFAYETTE, IN",Future,3.0,North,0.0,Signed Lease,Domestic,DomesticFranchise,"LAFAYETTE, IN",1999-12-31,1999-12-31,2024-03-27T02:07:00.461Z,2024-04-10T02:06:53.683Z
708,708,1673,851,2024-04-05T02:06:48.744Z,2024-04-05T02:06:48.744Z,MN851,Fran,Franchise,1999-12-31,1999-12-31,ST. PAUL,MN,Minnesota,USA,Central,613.0,MINNEAPOLIS-ST. PAUL,Future,3.0,North,0.0,Terminated DA Obligation,Domestic,DomesticFranchise,MINNEAPOLIS-ST. PAUL,1999-12-31,1999-12-31,2023-06-13T20:38:55.210Z,2024-04-05T02:06:48.744Z
709,709,974107,2711,2024-03-29T02:06:59.789Z,2024-03-29T02:06:59.789Z,MN2711,Fran,Franchise,1999-12-31,1999-12-31,WEST ST. PAUL,MN,Minnesota,USA,Unknown,613.0,MINNEAPOLIS-ST. PAUL,Future,3.0,North,0.0,Signed Lease,Domestic,DomesticFranchise,MINNEAPOLIS-ST. PAUL,1999-12-31,1999-12-31,2024-02-21T02:06:55.657Z,2024-03-29T02:06:59.789Z
716,716,310879,2536,2024-03-27T02:07:00.461Z,2024-03-27T02:07:00.461Z,NY2536,Fran,Franchise,1999-12-31,1999-12-31,ROCHESTER,NY,New York,USA,Eastern,538.0,"ROCHESTER, NY",Future,3.0,North,0.0,Signed Lease,Domestic,DomesticFranchise,"ROCHESTER, NY",1999-12-31,1999-12-31,2023-09-02T02:02:41.926Z,2024-03-27T02:07:00.461Z
720,720,437660,2654,2024-03-06T02:07:01.474Z,2024-03-06T02:07:01.474Z,UT2654,Fran,Franchise,1999-12-31,1999-12-31,WEST JORDAN,UT,Utah,USA,Unknown,770.0,SALT LAKE CITY,Future,4.0,West,0.0,Signed Lease,Domestic,DomesticFranchise,SALT LAKE CITY,1999-12-31,1999-12-31,2023-10-05T02:06:47.557Z,2024-03-06T02:07:01.474Z
721,721,545191,2602,2024-03-06T02:07:01.474Z,2024-03-06T02:07:01.474Z,FL2602,Fran,Franchise,1999-12-31,1999-12-31,DORAL,FL,Florida,USA,Eastern,528.0,MIAMI-FT. LAUDERDALE,Future,2.0,Southeast,0.0,Signed Lease,Domestic,DomesticFranchise,MIAMI-FT. LAUDERDALE,1999-12-31,1999-12-31,2023-11-04T02:06:40.524Z,2024-03-06T02:07:01.474Z
736,736,500,2193,2023-12-21T02:07:01.736Z,2023-12-21T02:07:01.736Z,UT2193,Fran,Franchise,1999-12-31,1999-12-31,RIVERTON,UT,Utah,USA,Unknown,770.0,SALT LAKE CITY,Future,4.0,West,0.0,Signed Lease,Domestic,DomesticFranchise,SALT LAKE CITY,1999-12-31,1999-12-31,2023-06-13T20:38:55.210Z,2023-12-21T02:07:01.736Z
737,737,353,2046,2024-01-18T02:07:30.585Z,2024-01-18T02:07:30.585Z,SC2046,Fran,Franchise,1999-12-31,1999-12-31,FLORENCE,SC,South Carolina,USA,Unknown,546.0,"COLUMBIA, SC",Future,2.0,Southeast,0.0,Terminated DA Obligation,Domestic,DomesticFranchise,"COLUMBIA, SC",1999-12-31,1999-12-31,2023-06-13T20:38:55.210Z,2024-01-18T02:07:30.585Z
738,738,410,2103,2024-01-18T02:07:30.585Z,2024-01-18T02:07:30.585Z,SC2103,Fran,Franchise,1999-12-31,1999-12-31,GREENWOOD,SC,South Carolina,USA,Eastern,546.0,"COLUMBIA, SC",Future,2.0,Southeast,0.0,Terminated DA Obligation,Domestic,DomesticFranchise,"COLUMBIA, SC",1999-12-31,1999-12-31,2023-06-13T20:38:55.210Z,2024-01-18T02:07:30.585Z
739,739,517,2210,2024-01-18T02:07:30.585Z,2024-01-18T02:07:30.585Z,CA2210,Fran,Franchise,1999-12-31,1999-12-31,NAPA,CA,California,USA,Unknown,807.0,SAN FRANCISCO-OAK-SAN JOSE,Future,4.0,West,0.0,Signed Lease,Domestic,DomesticFranchise,SAN FRANCISCO-OAK-SAN JOSE,1999-12-31,1999-12-31,2023-06-13T20:38:55.210Z,2024-01-18T02:07:30.585Z
740,740,577,2270,2024-01-18T02:07:30.585Z,2024-01-18T02:07:30.585Z,NC2270,Fran,Franchise,1999-12-31,1999-12-31,ROCKY MOUNT,NC,North Carolina,USA,Unknown,560.0,RALEIGH-DURHAM (FAYETVLLE),Future,2.0,Southeast,0.0,Signed Lease,Domestic,DomesticFranchise,RALEIGH-DURHAM (FAYETVLLE),1999-12-31,1999-12-31,2023-06-13T20:38:55.210Z,2024-01-18T02:07:30.585Z
949,949,1188,366,2024-02-02T02:06:58.408Z,2024-02-02T02:06:58.408Z,KS366,Fran,Franchise,1999-12-31,1999-12-31,OLATHE,KS,Kansas,USA,Central,616.0,KANSAS CITY,Future,3.0,North,0.0,Terminated DA Obligation,Domestic,DomesticFranchise,KANSAS CITY,1999-12-31,1999-12-31,2023-06-13T20:38:55.210Z,2024-02-02T02:06:58.408Z
950,950,1126,304,2024-02-02T02:06:58.408Z,2024-02-02T02:06:58.408Z,CA304,Fran,Franchise,1999-12-31,1999-12-31,RIVERSIDE,CA,California,USA,Pacific,803.0,LOS ANGELES,Future,4.0,West,0.0,Terminated DA Obligation,Domestic,DomesticFranchise,LOS ANGELES,1999-12-31,1999-12-31,2023-06-13T20:38:55.210Z,2024-02-02T02:06:58.408Z
951,951,1156,334,2024-02-02T02:06:58.408Z,2024-02-02T02:06:58.408Z,CA334,Fran,Franchise,1999-12-31,1999-12-31,FONTANA,CA,California,USA,Pacific,803.0,LOS ANGELES,Future,4.0,West,0.0,Terminated DA Obligation,Domestic,DomesticFranchise,LOS ANGELES,1999-12-31,1999-12-31,2023-06-13T20:38:55.210Z,2024-02-02T02:06:58.408Z
952,952,1969,1188,2024-02-02T02:06:58.408Z,2024-02-02T02:06:58.408Z,PA1188,Fran,Franchise,1999-12-31,1999-12-31,EDGEWOOD,PA,Pennsylvania,USA,Eastern,508.0,PITTSBURGH,Future,3.0,North,0.0,Terminated DA Obligation,Domestic,DomesticFranchise,PITTSBURGH,1999-12-31,1999-12-31,2023-06-13T20:38:55.210Z,2024-02-02T02:06:58.408Z
953,953,1215,393,2024-02-02T02:06:58.408Z,2024-02-02T02:06:58.408Z,CA393,Fran,Franchise,1999-12-31,1999-12-31,ELK GROVE,CA,California,USA,Pacific,862.0,SACRAMNTO-STKTON-MODESTO,Future,4.0,West,0.0,Terminated DA Obligation,Domestic,DomesticFranchise,SACRAMNTO-STKTON-MODESTO,1999-12-31,1999-12-31,2023-06-13T20:38:55.210Z,2024-02-02T02:06:58.408Z
954,954,1222,400,2024-02-02T02:06:58.408Z,2024-02-02T02:06:58.408Z,CA400,Fran,Franchise,1999-12-31,1999-12-31,LOS ANGELES,CA,California,USA,Pacific,803.0,LOS ANGELES,Future,4.0,West,0.0,Terminated DA Obligation,Domestic,DomesticFranchise,LOS ANGELES,1999-12-31,1999-12-31,2023-06-13T20:38:55.210Z,2024-02-02T02:06:58.408Z
955,955,1223,401,2024-02-02T02:06:58.408Z,2024-02-02T02:06:58.408Z,CA401,Fran,Franchise,1999-12-31,1999-12-31,BENICIA,CA,California,USA,Pacific,807.0,SAN FRANCISCO-OAK-SAN JOSE,Future,4.0,West,0.0,Terminated DA Obligation,Domestic,DomesticFranchise,SAN FRANCISCO-OAK-SAN JOSE,1999-12-31,1999-12-31,2023-06-13T20:38:55.210Z,2024-02-02T02:06:58.408Z
956,956,1224,402,2024-02-02T02:06:58.408Z,2024-02-02T02:06:58.408Z,TX402,Fran,Franchise,1999-12-31,1999-12-31,HOUSTON,TX,Texas,USA,Central,618.0,HOUSTON,Future,1.0,Southwest,0.0,Terminated DA Obligation,Domestic,DomesticFranchise,HOUSTON,1999-12-31,1999-12-31,2023-06-13T20:38:55.210Z,2024-02-02T02:06:58.408Z
957,957,1231,409,2024-02-02T02:06:58.408Z,2024-02-02T02:06:58.408Z,CA409,Fran,Franchise,1999-12-31,1999-12-31,MURRIETA,CA,California,USA,Pacific,803.0,LOS ANGELES,Future,4.0,West,0.0,Terminated DA Obligation,Domestic,DomesticFranchise,LOS ANGELES,1999-12-31,1999-12-31,2023-06-13T20:38:55.210Z,2024-02-02T02:06:58.408Z
958,958,1256,434,2024-02-02T02:06:58.408Z,2024-02-02T02:06:58.408Z,WI434,Fran,Franchise,1999-12-31,1999-12-31,VIROQUA,WI,Wisconsin,USA,Central,602.0,CHICAGO,Future,3.0,North,0.0,Terminated DA Obligation,Domestic,DomesticFranchise,CHICAGO,1999-12-31,1999-12-31,2023-06-13T20:38:55.210Z,2024-02-02T02:06:58.408Z
959,959,1277,455,2024-02-02T02:06:58.408Z,2024-02-02T02:06:58.408Z,CA455,Fran,Franchise,1999-12-31,1999-12-31,REDWOOD CITY,CA,California,USA,Pacific,807.0,SAN FRANCISCO-OAK-SAN JOSE,Future,4.0,West,0.0,Terminated DA Obligation,Domestic,DomesticFranchise,SAN FRANCISCO-OAK-SAN JOSE,1999-12-31,1999-12-31,2023-06-13T20:38:55.210Z,2024-02-02T02:06:58.408Z
960,960,1282,460,2024-02-02T02:06:58.408Z,2024-02-02T02:06:58.408Z,CA460,Fran,Franchise,1999-12-31,1999-12-31,INDIO,CA,California,USA,Pacific,804.0,PALM SPRINGS,Future,4.0,West,0.0,Terminated DA Obligation,Domestic,DomesticFranchise,PALM SPRINGS,1999-12-31,1999-12-31,2023-06-13T20:38:55.210Z,2024-02-02T02:06:58.408Z
961,961,1317,495,2024-02-02T02:06:58.408Z,2024-02-02T02:06:58.408Z,LA495,Fran,Franchise,1999-12-31,1999-12-31,PINEVILLE,LA,Louisiana,USA,Unknown,612.0,SHREVEPORT,Future,2.0,Southeast,0.0,Terminated DA Obligation,Domestic,DomesticFranchise,SHREVEPORT,1999-12-31,1999-12-31,2023-06-13T20:38:55.210Z,2024-02-02T02:06:58.408Z
962,962,1416,594,2024-02-02T02:06:58.408Z,2024-02-02T02:06:58.408Z,MO594,Fran,Franchise,1999-12-31,1999-12-31,NORMANDY,MO,Missouri,USA,Central,609.0,ST. LOUIS,Future,3.0,North,0.0,Terminated DA Obligation,Domestic,DomesticFranchise,ST. LOUIS,1999-12-31,1999-12-31,2023-06-13T20:38:55.210Z,2024-02-02T02:06:58.408Z
963,963,511,2204,2024-02-02T02:06:58.408Z,2024-02-02T02:06:58.408Z,NY2204,Fran,Franchise,1999-12-31,1999-12-31,ROCHELLE PARK,NY,New York,USA,Eastern,501.0,NEW YORK,Future,3.0,North,0.0,Terminated DA Obligation,Domestic,DomesticFranchise,NEW YORK,1999-12-31,1999-12-31,2023-06-13T20:38:55.210Z,2024-02-02T02:06:58.408Z
964,964,1230,408,2024-02-02T02:06:58.408Z,2024-02-02T02:06:58.408Z,OR408,Fran,Franchise,1999-12-31,1999-12-31,PORTLAND,OR,Oregon,USA,Pacific,820.0,"PORTLAND, OR",Future,4.0,West,0.0,Terminated DA Obligation,Domestic,DomesticFranchise,"PORTLAND, OR",1999-12-31,1999-12-31,2023-06-13T20:38:55.210Z,2024-02-02T02:06:58.408Z
965,965,1330,508,2024-02-02T02:06:58.408Z,2024-02-02T02:06:58.408Z,MS508,Fran,Franchise,1999-12-31,1999-12-31,VICKSBURG,MS,Mississippi,USA,Central,718.0,"JACKSON, MS",Future,2.0,Southeast,0.0,Terminated DA Obligation,Domestic,DomesticFranchise,"JACKSON, MS",1999-12-31,1999-12-31,2023-06-13T20:38:55.210Z,2024-02-02T02:06:58.408Z
1465,1465,149,1840,2024-04-24T02:07:28.902Z,2024-04-24T02:07:28.902Z,NY1840,Fran,Franchise,1999-12-31,1999-12-31,POUGHKEEPSIE,NY,New York,USA,Eastern,501.0,NEW YORK,Future,3.0,North,0.0,Signed Lease,Domestic,DomesticFranchise,NEW YORK,1999-12-31,1999-12-31,2023-06-13T20:38:55.210Z,2024-04-24T02:07:28.902Z
1471,1471,464546,2568,2024-05-04T02:06:50.095Z,2024-05-04T02:06:50.095Z,CA2568,Fran,Franchise,1999-12-31,1999-12-31,EL CENTRO,CA,California,USA,Unknown,825.0,SAN DIEGO,Future,4.0,West,0.0,Signed Lease,Domestic,DomesticFranchise,SAN DIEGO,1999-12-31,1999-12-31,2023-10-12T02:06:52.808Z,2024-05-04T02:06:50.095Z
1480,1480,537509,2594,2024-05-10T02:07:06.625Z,2024-05-10T02:07:06.625Z,NY2594,Fran,Franchise,1999-12-31,1999-12-31,BROOKLYN,NY,New York,USA,Eastern,501.0,NEW YORK,Future,3.0,North,0.0,Signed Lease,Domestic,DomesticFranchise,NEW YORK,1999-12-31,1999-12-31,2023-11-02T02:06:53.639Z,2024-05-10T02:07:06.625Z
1525,1525,1000996,2723,2024-05-23T02:07:01.674Z,2024-05-23T02:07:01.674Z,MI2723,Fran,Franchise,1999-12-31,1999-12-31,DETROIT,MI,Michigan,USA,Unknown,505.0,DETROIT,Future,3.0,North,0.0,Signed Lease,Domestic,DomesticFranchise,DETROIT,1999-12-31,1999-12-31,2024-02-28T02:06:44.884Z,2024-05-23T02:07:01.674Z
1549,1549,835836,2670,2024-05-23T02:07:01.674Z,2024-05-23T02:07:01.674Z,CA2670,Fran,Franchise,1999-12-31,1999-12-31,GARDEN GROVE,CA,California,USA,Unknown,803.0,LOS ANGELES,Future,4.0,West,0.0,Signed Lease,Domestic,DomesticFranchise,LOS ANGELES,1999-12-31,1999-12-31,2024-01-17T02:06:52.860Z,2024-05-23T02:07:01.674Z
1575,1575,364,2057,2024-05-01T02:06:40.900Z,2024-05-01T02:06:40.900Z,NY2057,Fran,Franchise,1999-12-31,1999-12-31,AMITYVILLE,NY,New York,USA,Unknown,501.0,NEW YORK,Future,3.0,North,0.0,Signed Lease,Domestic,DomesticFranchise,NEW YORK,1999-12-31,1999-12-31,2023-06-13T20:38:55.210Z,2024-05-01T02:06:40.900Z
1589,1589,602788,2611,2024-04-23T02:07:03.697Z,2024-04-23T02:07:03.697Z,KY2611,Fran,Franchise,1999-12-31,1999-12-31,FLORENCE,KY,Kentucky,USA,Unknown,515.0,CINCINNATI,Future,3.0,North,0.0,Signed Lease,Domestic,DomesticFranchise,CINCINNATI,1999-12-31,1999-12-31,2023-11-18T02:06:51.293Z,2024-04-23T02:07:03.697Z
1607,1607,2232,1453,2024-04-05T02:06:48.744Z,2024-04-05T02:06:48.744Z,FL1453,Fran,Franchise,1999-12-31,1999-12-31,WEST PALM BEACH,FL,Florida,USA,Eastern,548.0,WEST PALM BEACH-FT. PIERCE,Future,2.0,Southeast,0.0,Terminated DA Obligation,Domestic,DomesticFranchise,WEST PALM BEACH-FT. PIERCE,1999-12-31,1999-12-31,2023-06-13T20:38:55.210Z,2024-04-05T02:06:48.744Z
1649,1649,2186,1407,2023-08-10T02:02:38.493Z,2023-08-10T02:02:38.493Z,UT1407,Fran,Franchise,1999-12-31,1999-12-31,EAGLE MOUNTAIN,UT,Utah,USA,Eastern,770.0,SALT LAKE CITY,Future,4.0,West,0.0,Signed Lease,Domestic,DomesticFranchise,SALT LAKE CITY,1999-12-31,1999-12-31,2023-06-13T20:38:55.210Z,2023-08-10T02:02:38.493Z
1651,1651,661,2355,2023-12-21T02:07:01.736Z,2023-12-21T02:07:01.736Z,CA2355,Fran,Franchise,1999-12-31,1999-12-31,LAKE ELSINORE,CA,California,USA,Unknown,803.0,LOS ANGELES,Future,4.0,West,0.0,Signed Lease,Domestic,DomesticFranchise,LOS ANGELES,1999-12-31,1999-12-31,2023-06-13T20:38:55.210Z,2023-12-21T02:07:01.736Z
1652,1652,620,2313,2023-12-21T02:07:01.736Z,2023-12-21T02:07:01.736Z,MI2313,Fran,Franchise,1999-12-31,1999-12-31,LANSING,MI,Michigan,USA,Eastern,551.0,LANSING,Future,3.0,North,0.0,Signed Lease,Domestic,DomesticFranchise,LANSING,1999-12-31,1999-12-31,2023-06-13T20:38:55.210Z,2023-12-21T02:07:01.736Z
1653,1653,667,2361,2023-12-21T02:07:01.736Z,2023-12-21T02:07:01.736Z,PA2361,Fran,Franchise,1999-12-31,1999-12-31,PITTSBURGH,PA,Pennsylvania,USA,Unknown,508.0,PITTSBURGH,Future,3.0,North,0.0,Signed Lease,Domestic,DomesticFranchise,PITTSBURGH,1999-12-31,1999-12-31,2023-06-13T20:38:55.210Z,2023-12-21T02:07:01.736Z
1654,1654,684,2378,2023-12-21T02:07:01.736Z,2023-12-21T02:07:01.736Z,IL2378,Fran,Franchise,1999-12-31,1999-12-31,GLENWOOD,IL,Illinois,USA,Unknown,602.0,CHICAGO,Future,3.0,North,0.0,Signed Lease,Domestic,DomesticFranchise,CHICAGO,1999-12-31,1999-12-31,2023-06-13T20:38:55.210Z,2023-12-21T02:07:01.736Z
1655,1655,690,2384,2023-12-21T02:07:01.736Z,2023-12-21T02:07:01.736Z,IN2384,Fran,Franchise,1999-12-31,1999-12-31,CEDAR LAKE,IN,Indiana,USA,Central,602.0,CHICAGO,Future,3.0,North,0.0,Signed Lease,Domestic,DomesticFranchise,CHICAGO,1999-12-31,1999-12-31,2023-06-13T20:38:55.210Z,2023-12-21T02:07:01.736Z
1656,1656,644,2338,2023-12-21T02:07:01.736Z,2023-12-21T02:07:01.736Z,NC2338,Fran,Franchise,1999-12-31,1999-12-31,GREENSBORO,NC,North Carolina,USA,Eastern,518.0,GREENSBORO-H.POINT-W.SALEM,Future,2.0,Southeast,0.0,Signed Lease,Domestic,DomesticFranchise,GREENSBORO-H.POINT-W.SALEM,1999-12-31,1999-12-31,2023-06-13T20:38:55.210Z,2023-12-21T02:07:01.736Z
1657,1657,774,2468,2023-12-21T02:07:01.736Z,2023-12-21T02:07:01.736Z,NC2468,Fran,Franchise,1999-12-31,1999-12-31,CHARLOTTE,NC,North Carolina,USA,Unknown,517.0,CHARLOTTE,Future,2.0,Southeast,0.0,Signed Lease,Domestic,DomesticFranchise,CHARLOTTE,1999-12-31,1999-12-31,2023-06-13T20:38:55.210Z,2023-12-21T02:07:01.736Z
1658,1658,590,2283,2024-01-18T02:07:30.585Z,2024-01-18T02:07:30.585Z,IL2283,Fran,Franchise,1999-12-31,1999-12-31,MOKENA,IL,Illinois,USA,Unknown,602.0,CHICAGO,Future,3.0,North,0.0,Signed Lease,Domestic,DomesticFranchise,CHICAGO,1999-12-31,1999-12-31,2023-06-13T20:38:55.210Z,2024-01-18T02:07:30.585Z
1659,1659,591,2284,2024-01-18T02:07:30.585Z,2024-01-18T02:07:30.585Z,IL2284,Fran,Franchise,1999-12-31,1999-12-31,HUNTLEY,IL,Illinois,USA,Unknown,602.0,CHICAGO,Future,3.0,North,0.0,Signed Lease,Domestic,DomesticFranchise,CHICAGO,1999-12-31,1999-12-31,2023-06-13T20:38:55.210Z,2024-01-18T02:07:30.585Z
1660,1660,691,2385,2024-01-18T02:07:30.585Z,2024-01-18T02:07:30.585Z,IN2385,Fran,Franchise,1999-12-31,1999-12-31,DYER,IN,Indiana,USA,Central,602.0,CHICAGO,Future,3.0,North,0.0,Signed Lease,Domestic,DomesticFranchise,CHICAGO,1999-12-31,1999-12-31,2023-06-13T20:38:55.210Z,2024-01-18T02:07:30.585Z
1661,1661,722,2416,2024-01-18T02:07:30.585Z,2024-01-18T02:07:30.585Z,IN2416,Fran,Franchise,1999-12-31,1999-12-31,SHELBYVILLE,IN,Indiana,USA,Unknown,527.0,INDIANAPOLIS,Future,3.0,North,0.0,Signed Lease,Domestic,DomesticFranchise,INDIANAPOLIS,1999-12-31,1999-12-31,2023-06-13T20:38:55.210Z,2024-01-18T02:07:30.585Z
1662,1662,736,2430,2024-01-18T02:07:30.585Z,2024-01-18T02:07:30.585Z,DC2430,Fran,Franchise,1999-12-31,1999-12-31,WASHINGTON,DC,District of Columbia,USA,Unknown,511.0,"WASHINGTON, DC (HAGRSTWN)",Future,2.0,Southeast,0.0,Signed Lease,Domestic,DomesticFranchise,"WASHINGTON, DC (HAGRSTWN)",1999-12-31,1999-12-31,2023-06-13T20:38:55.210Z,2024-01-18T02:07:30.585Z
1663,1663,740,2434,2024-01-18T02:07:30.585Z,2024-01-18T02:07:30.585Z,VA2434,Fran,Franchise,1999-12-31,1999-12-31,STAFFORD,VA,Virginia,USA,Eastern,511.0,"WASHINGTON, DC (HAGRSTWN)",Future,2.0,Southeast,0.0,Signed Lease,Domestic,DomesticFranchise,"WASHINGTON, DC (HAGRSTWN)",1999-12-31,1999-12-31,2023-06-13T20:38:55.210Z,2024-01-18T02:07:30.585Z
1664,1664,764,2458,2024-01-18T02:07:30.585Z,2024-01-18T02:07:30.585Z,IN2458,Fran,Franchise,1999-12-31,1999-12-31,VALPARAISO,IN,Indiana,USA,Unknown,602.0,CHICAGO,Future,3.0,North,0.0,Signed Lease,Domestic,DomesticFranchise,CHICAGO,1999-12-31,1999-12-31,2023-06-13T20:38:55.210Z,2024-01-18T02:07:30.585Z
1665,1665,653,2347,2024-01-18T02:07:30.585Z,2024-01-18T02:07:30.585Z,NC2347,Fran,Franchise,1999-12-31,1999-12-31,WINSTON-SALEM,NC,North Carolina,USA,Central,518.0,GREENSBORO-H.POINT-W.SALEM,Future,2.0,Southeast,0.0,Signed Lease,Domestic,DomesticFranchise,GREENSBORO-H.POINT-W.SALEM,1999-12-31,1999-12-31,2023-06-13T20:38:55.210Z,2024-01-18T02:07:30.585Z
1666,1666,604,2297,2024-01-18T02:07:30.585Z,2024-01-18T02:07:30.585Z,NC2297,Fran,Franchise,1999-12-31,1999-12-31,CLAYTON,NC,North Carolina,USA,Unknown,560.0,RALEIGH-DURHAM (FAYETVLLE),Future,2.0,Southeast,0.0,Signed Lease,Domestic,DomesticFranchise,RALEIGH-DURHAM (FAYETVLLE),1999-12-31,1999-12-31,2023-06-13T20:38:55.210Z,2024-01-18T02:07:30.585Z
1668,1668,597,2290,2024-01-18T02:07:30.585Z,2024-01-18T02:07:30.585Z,FL2290,Fran,Franchise,1999-12-31,1999-12-31,PEMBROKE PINES,FL,Florida,USA,Eastern,528.0,MIAMI-FT. LAUDERDALE,Future,2.0,Southeast,0.0,Signed Lease,Domestic,DomesticFranchise,MIAMI-FT. LAUDERDALE,1999-12-31,1999-12-31,2023-06-13T20:38:55.210Z,2024-01-18T02:07:30.585Z
1827,1827,230,1922,2024-02-02T02:06:58.408Z,2024-02-02T02:06:58.408Z,CO1922,Fran,Franchise,1999-12-31,1999-12-31,.,CO,Colorado,USA,Mountain,751.0,DENVER,Future,4.0,West,0.0,Signed Lease,Domestic,DomesticFranchise,DENVER,1999-12-31,1999-12-31,2023-06-13T20:38:55.210Z,2024-02-02T02:06:58.408Z
1828,1828,1465,643,2024-02-02T02:06:58.408Z,2024-02-02T02:06:58.408Z,IL643,Fran,Franchise,1999-12-31,1999-12-31,CHICAGO,IL,Illinois,USA,Central,602.0,CHICAGO,Future,3.0,North,0.0,Terminated DA Obligation,Domestic,DomesticFranchise,CHICAGO,1999-12-31,1999-12-31,2023-06-13T20:38:55.210Z,2024-02-02T02:06:58.408Z
1829,1829,1499,677,2024-02-02T02:06:58.408Z,2024-02-02T02:06:58.408Z,CA677,Fran,Franchise,1999-12-31,1999-12-31,MADERA,CA,California,USA,Pacific,866.0,FRESNO-VISALIA,Future,4.0,West,0.0,Terminated DA Obligation,Domestic,DomesticFranchise,FRESNO-VISALIA,1999-12-31,1999-12-31,2023-06-13T20:38:55.210Z,2024-02-02T02:06:58.408Z
1830,1830,1502,680,2024-04-05T02:06:48.744Z,2024-04-05T02:06:48.744Z,PA680,Fran,Franchise,1999-12-31,1999-12-31,PHILADELPHIA,PA,Pennsylvania,USA,Eastern,504.0,PHILADELPHIA,Future,3.0,North,0.0,Terminated DA Obligation,Domestic,DomesticFranchise,PHILADELPHIA,1999-12-31,1999-12-31,2023-06-13T20:38:55.210Z,2024-04-05T02:06:48.744Z
1831,1831,587,2280,2024-02-02T02:06:58.408Z,2024-02-02T02:06:58.408Z,CA2280,Fran,Franchise,1999-12-31,1999-12-31,SOLEDAD,CA,California,USA,Pacific,828.0,MONTEREY-SALINAS,Future,4.0,West,0.0,Active DA Obligation,Domestic,DomesticFranchise,MONTEREY-SALINAS,1999-12-31,1999-12-31,2023-06-13T20:38:55.210Z,2024-02-02T02:06:58.408Z
2109,2109,544,2237,2024-03-08T02:07:13.910Z,2024-03-08T02:07:13.910Z,IL2237,Fran,Franchise,1999-12-31,1999-12-31,ELK GROVE VILLAGE,IL,Illinois,USA,Unknown,602.0,CHICAGO,Future,3.0,North,0.0,Signed Lease,Domestic,DomesticFranchise,CHICAGO,1999-12-31,1999-12-31,2023-06-13T20:38:55.210Z,2024-03-08T02:07:13.910Z
2157,2157,757,2451,2024-05-04T02:06:50.095Z,2024-05-04T02:06:50.095Z,CA2451,Fran,Franchise,1999-12-31,1999-12-31,ANAHEIM,CA,California,USA,Pacific,803.0,LOS ANGELES,Future,4.0,West,0.0,Signed Lease,Domestic,DomesticFranchise,LOS ANGELES,1999-12-31,1999-12-31,2023-06-13T20:38:55.210Z,2024-05-04T02:06:50.095Z
2158,2158,601554,2610,2024-05-04T02:06:50.095Z,2024-05-04T02:06:50.095Z,ID2610,Fran,Franchise,1999-12-31,1999-12-31,TWIN FALLS,ID,Idaho,USA,Unknown,758.0,IDAHO FALLS-POCATLLO(JCKSN),Future,4.0,West,0.0,Signed Lease,Domestic,DomesticFranchise,IDAHO FALLS-POCATLLO(JCKSN),1999-12-31,1999-12-31,2023-11-18T02:06:51.293Z,2024-05-04T02:06:50.095Z
2174,2174,771,2465,2024-04-26T02:06:52.694Z,2024-04-26T02:06:52.694Z,TX2465,Fran,Franchise,1999-12-31,1999-12-31,HOUSTON,TX,Texas,USA,Central,618.0,HOUSTON,Future,1.0,Southwest,0.0,Signed Lease,Domestic,DomesticFranchise,HOUSTON,1999-12-31,1999-12-31,2023-06-13T20:38:55.210Z,2024-04-26T02:06:52.694Z
2207,2207,641,2335,2024-05-01T02:06:40.900Z,2024-05-01T02:06:40.900Z,NY2335,Fran,Franchise,1999-12-31,1999-12-31,HUNTINGTON STATION,NY,New York,USA,Eastern,501.0,NEW YORK,Future,3.0,North,0.0,Signed Lease,Domestic,DomesticFranchise,NEW YORK,1999-12-31,1999-12-31,2023-06-13T20:38:55.210Z,2024-05-01T02:06:40.900Z
2208,2208,652,2346,2024-05-01T02:06:40.900Z,2024-05-01T02:06:40.900Z,NY2346,Fran,Franchise,1999-12-31,1999-12-31,BRENTWOOD,NY,New York,USA,Unknown,501.0,NEW YORK,Future,3.0,North,0.0,Signed Lease,Domestic,DomesticFranchise,NEW YORK,1999-12-31,1999-12-31,2023-06-13T20:38:55.210Z,2024-05-01T02:06:40.900Z
2209,2209,737,2431,2024-05-01T02:06:40.900Z,2024-05-01T02:06:40.900Z,NY2431,Fran,Franchise,1999-12-31,1999-12-31,BAY SHORE,NY,New York,USA,Unknown,501.0,NEW YORK,Future,3.0,North,0.0,Signed Lease,Domestic,DomesticFranchise,NEW YORK,1999-12-31,1999-12-31,2023-06-13T20:38:55.210Z,2024-05-01T02:06:40.900Z
2210,2210,773,2467,2024-05-01T02:06:40.900Z,2024-05-01T02:06:40.900Z,NY2467,Fran,Franchise,1999-12-31,1999-12-31,HICKSVILLE,NY,New York,USA,Eastern,501.0,NEW YORK,Future,3.0,North,0.0,Signed Lease,Domestic,DomesticFranchise,NEW YORK,1999-12-31,1999-12-31,2023-06-13T20:38:55.210Z,2024-05-01T02:06:40.900Z
2211,2211,765,2459,2024-05-01T02:06:40.900Z,2024-05-01T02:06:40.900Z,CT2459,Fran,Franchise,1999-12-31,1999-12-31,MIDDLETOWN,CT,Connecticut,USA,Unknown,501.0,NEW YORK,Future,3.0,North,0.0,Signed Lease,Domestic,DomesticFranchise,NEW YORK,1999-12-31,1999-12-31,2023-06-13T20:38:55.210Z,2024-05-01T02:06:40.900Z
2212,2212,762,2456,2024-05-01T02:06:40.900Z,2024-05-01T02:06:40.900Z,IL2456,Fran,Franchise,1999-12-31,1999-12-31,CHICAGO,IL,Illinois,USA,Central,602.0,CHICAGO,Future,3.0,North,0.0,Signed Lease,Domestic,DomesticFranchise,CHICAGO,1999-12-31,1999-12-31,2023-06-13T20:38:55.210Z,2024-05-01T02:06:40.900Z
2319,2319,770,2464,2024-03-21T02:07:00.103Z,2024-03-21T02:07:00.103Z,NY2464,Fran,Franchise,1999-12-31,1999-12-31,ROCHESTER,NY,New York,USA,Eastern,538.0,"ROCHESTER, NY",Future,3.0,North,0.0,Signed Lease,Domestic,DomesticFranchise,"ROCHESTER, NY",1999-12-31,1999-12-31,2023-06-13T20:38:55.210Z,2024-03-21T02:07:00.103Z
2363,2363,651470,2615,2024-05-23T02:07:01.674Z,2024-05-23T02:07:01.674Z,CA2615,Fran,Franchise,1999-12-31,1999-12-31,IRVINE,CA,California,USA,Unknown,803.0,LOS ANGELES,Future,4.0,West,0.0,Signed Lease,Domestic,DomesticFranchise,LOS ANGELES,1999-12-31,1999-12-31,2023-11-30T02:06:52.882Z,2024-05-23T02:07:01.674Z
2394,2394,763,2457,2024-05-29T02:07:07.521Z,2024-05-29T02:07:07.521Z,TX2457,Fran,Franchise,1999-12-31,1999-12-31,CANYON,TX,Texas,USA,Central,634.0,AMARILLO,Future,1.0,Southwest,0.0,Signed Lease,Domestic,DomesticFranchise,AMARILLO,1999-12-31,1999-12-31,2023-06-13T20:38:55.210Z,2024-05-29T02:07:07.521Z
2405,2405,491435,2583,2024-05-23T02:07:01.674Z,2024-05-23T02:07:01.674Z,WA2583,Fran,Franchise,1999-12-31,1999-12-31,RENTON,WA,Washington,USA,Unknown,819.0,SEATTLE-TACOMA,Future,4.0,West,0.0,Signed Lease,Domestic,DomesticFranchise,SEATTLE-TACOMA,1999-12-31,1999-12-31,2023-10-19T02:06:48.104Z,2024-05-23T02:07:01.674Z
